"value_log","value_log_scaled","precision_scaled","characteristic_order_scaled","indicator_order_scaled","data_quality_score_scaled","is_preferred","high_precision","indicator_encoded","survey_cohort","dataset_source_encoded","char_order_quintile","indicator_importance","sample_size_tier","by_var_0","by_var_14000","by_var_14001","by_var_14002","by_var_Other","type_D","type_I","type_S","type_T","type_U","char_Five.year.periods","char_Source.of.vaccination.information","char_Total","char_Total.15.49"
0.262364264467491,-1.58714970178977,0.660268182408527,-0.322739570245733,1.87987303726775,0.624930350684553,1,1,84,79,7,4,"Low","Large",1,0,0,0,0,0,1,0,0,0,0,0,1,0
4.36944785246702,0.102744868882244,0.660268182408527,-0.322739570245733,-0.50196050364816,0.624930350684553,1,1,208,65,5,2,"Low","Medium",1,0,0,0,0,0,1,0,0,0,0,0,1,0
4.49200148788245,0.153170607406239,0.660268182408527,-0.322739570245733,-0.660064172472315,-1.59803618246479,0,1,199,45,1,2,"Low","Medium",0,1,0,0,0,0,1,0,0,0,0,0,1,0
0.993251773010283,-1.28641980282512,0.660268182408527,-0.322739570245733,-0.659453106090204,-1.59803618246479,0,1,12,74,1,1,"Low","Medium",0,0,1,0,0,0,0,1,0,0,0,0,1,0
3.8649313978943,-0.104842729258756,0.660268182408527,-0.322739570245733,-0.501503423554955,-1.59803618246479,0,1,30,1,1,2,"Low","Small",0,1,0,0,0,0,1,0,0,0,0,0,1,0
4.54435804659133,0.174713160024289,0.660268182408527,-0.322739570245733,-0.663157467339243,0.624930350684553,1,1,3,30,1,1,"Low","Medium",0,0,0,1,0,0,1,0,0,0,0,0,1,0
2.76631910922619,-0.556876125247677,0.660268182408527,-0.322739570245733,-1.43202305231487,0.624930350684553,1,1,291,53,3,4,"Low","Medium",1,0,0,0,0,0,1,0,0,0,0,0,1,0
4.44851637594271,0.135278287223922,0.660268182408527,-0.322739570245733,-0.660063257702282,-1.59803618246479,0,1,196,59,1,1,"Low","Medium",0,1,0,0,0,0,1,0,0,0,0,0,1,0
6.45362499889269,0.9602973312559,-1.51250861168473,-0.322739570245733,-0.499519592276505,0.624930350684553,1,1,129,44,1,1,"Low","Medium",0,0,1,0,0,0,0,0,0,1,0,0,1,0
4.54648118963941,0.175586745339228,0.660268182408527,-0.322739570245733,-0.502418650973071,0.624930350684553,1,1,40,25,5,2,"Low","Small",1,0,0,0,0,0,1,0,0,0,0,0,1,0
4.57161340245925,0.185927608650925,0.660268182408527,-0.322739570245733,-0.663157467339243,0.624930350684553,1,1,3,44,1,1,"Low","Medium",0,0,0,1,0,0,1,0,0,0,0,0,1,0
4.12874598893943,0.00370603424191185,0.660268182408527,3.35252846989465,-0.502720372622322,-1.59803618246479,0,1,48,19,5,5,"Low","Small",0,0,0,0,1,0,1,0,0,0,0,1,0,0
0,-1.69510171605056,0.660268182408527,-0.322739570245733,1.88095383806185,0.624930350684553,1,1,215,85,7,4,"Low","Large",1,0,0,0,0,0,1,0,0,0,0,0,1,0
4.61512051684126,0.20382898192577,0.660268182408527,-0.322739570245733,-0.660063410163954,-1.59803618246479,0,1,200,45,1,2,"Low","Medium",0,1,0,0,0,0,0,0,1,0,0,0,1,0
4.44851637594271,0.135278287223922,0.660268182408527,-0.322739570245733,-0.660063257702282,-1.59803618246479,0,1,196,59,3,4,"Low","Medium",0,1,0,0,0,0,1,0,0,0,0,0,1,0
0.53062825106217,-1.47677019654235,0.660268182408527,-0.322739570245733,1.87988843589664,0.624930350684553,1,1,247,86,7,3,"Low","Large",1,0,0,0,0,0,0,1,0,0,0,0,1,0
8.79285328864069,1.92279276182321,-1.51250861168473,-0.185603726478135,0.130251576004611,0.624930350684553,1,1,172,76,4,5,"Low","Medium",1,0,0,0,0,1,0,0,0,0,0,0,0,1
1.58923520511658,-1.04119733667671,0.660268182408527,3.35252846989465,-0.502720067698978,-1.59803618246479,0,1,264,24,5,5,"Low","Small",0,0,0,0,1,0,1,0,0,0,0,1,0,0
2.70805020110221,-0.580851364457663,-1.51250861168473,-0.322739570245733,-0.97047598457592,0.624930350684553,1,1,255,69,2,5,"Low","Medium",0,0,1,0,0,0,1,0,0,0,0,0,1,0
4.31481788498043,0.0802669028332153,0.660268182408527,3.35252846989465,-0.502723269394094,-1.59803618246479,0,1,44,24,5,5,"Low","Small",0,0,0,0,1,0,1,0,0,0,0,1,0,0
5.01727983681492,0.36930086405507,-1.51250861168473,-0.322739570245733,-0.759667230448018,0.624930350684553,1,1,256,53,3,4,"Low","Medium",1,0,0,0,0,0,1,0,0,0,0,0,1,0
2.65324196460721,-0.603402680810616,0.660268182408527,-0.322739570245733,1.87987227495939,0.624930350684553,1,1,79,83,7,3,"Low","Large",1,0,0,0,0,0,1,0,0,0,0,0,1,0
7.23489842031483,1.28175894380484,-1.51250861168473,-0.322739570245733,-0.658584074558759,0.624930350684553,1,1,152,30,1,2,"Low","Medium",1,0,0,0,0,1,0,0,0,0,0,0,1,0
2.87356463957978,-0.51274903711075,0.660268182408527,-0.322739570245733,-0.499521116893227,0.624930350684553,1,1,283,9,1,2,"Low","Small",0,0,1,0,0,0,1,0,0,0,0,0,1,0
6.87935580446044,1.13546790216877,-1.51250861168473,-0.322739570245733,-0.502414686969595,0.624930350684553,1,1,127,24,5,2,"Low","Small",1,0,0,0,0,0,0,0,0,1,0,0,1,0
7.0833878476253,1.21941862647223,-1.51250861168473,-0.322739570245733,0.136366482834057,0.624930350684553,1,1,154,27,4,3,"Low","Medium",1,0,0,0,0,1,0,0,0,0,0,0,1,0
6.88141130364254,1.13631365483813,-1.51250861168473,3.35252846989465,-0.502719915237306,0.624930350684553,1,1,126,25,5,5,"Low","Small",0,0,0,0,1,1,0,0,0,0,0,1,0,0
3.58351893845611,-0.220632285797994,-1.51250861168473,-0.322739570245733,-0.970475832114247,0.624930350684553,1,1,108,69,2,5,"Low","Medium",0,0,1,0,0,0,1,0,0,0,0,0,1,0
2.16332302566054,-0.80498400664836,0.660268182408527,-0.322739570245733,-0.660064020010643,0.624930350684553,1,1,198,31,1,2,"Low","Medium",0,0,0,1,0,0,1,0,0,0,0,0,1,0
6.83947643822884,1.11905919681066,-1.51250861168473,3.35252846989465,-0.502719915237306,-1.59803618246479,0,1,126,24,5,5,"Low","Small",0,0,0,0,1,1,0,0,0,0,0,1,0,0
8.40290404501411,1.7623448197439,-1.51250861168473,-0.322739570245733,0.136807554451683,0.624930350684553,1,1,187,42,4,3,"Low","Medium",1,0,0,0,0,0,0,0,0,1,0,0,1,0
4.85203026391962,0.30130751791096,-1.51250861168473,-0.185603726478135,-0.970018752021042,0.624930350684553,1,1,272,69,2,5,"Low","Medium",1,0,0,0,0,0,1,0,0,0,0,0,0,1
4.40060302024682,0.11556392838064,0.660268182408527,-0.322739570245733,-0.499521574278244,0.624930350684553,1,1,278,9,3,4,"Low","Small",0,0,1,0,0,0,1,0,0,0,0,0,1,0
4.42124734782716,0.124058213034387,0.660268182408527,3.35252846989465,-0.502722507085733,0.624930350684553,1,1,115,25,5,5,"Low","Small",0,0,0,0,1,0,1,0,0,0,0,1,0,0
3.95124371858143,-0.0693287887737193,-1.51250861168473,-0.322739570245733,-0.970475527190903,-1.59803618246479,0,1,289,69,2,5,"Low","Medium",0,0,0,0,1,0,1,0,0,0,0,0,1,0
8.54850579465518,1.8222539014382,-1.51250861168473,-0.185603726478135,-0.970018142174353,0.624930350684553,1,1,165,69,2,5,"Low","Medium",1,0,0,0,0,0,0,0,0,1,0,0,0,1
4.2017030805426,0.0337248518166146,0.660268182408527,3.35252846989465,-0.502721897239044,-1.59803618246479,0,1,56,19,5,5,"Low","Small",0,0,0,0,1,0,1,0,0,0,0,1,0,0
4.58598736657132,0.191841898777134,0.660268182408527,-0.322739570245733,-0.65945280116686,0.624930350684553,1,1,10,31,1,2,"Low","Medium",0,0,0,1,0,0,1,0,0,0,0,0,1,0
0.0953101798043249,-1.65588552969104,0.660268182408527,-0.322739570245733,1.87987212249771,0.624930350684553,1,1,82,83,7,3,"Low","Large",1,0,0,0,0,0,1,0,0,0,0,0,1,0
4.58394654953646,0.191002187202475,0.660268182408527,-0.322739570245733,-0.501503576016627,-1.59803618246479,0,1,27,1,1,2,"Low","Small",0,1,0,0,0,0,1,0,0,0,0,0,1,0
1.93152141160321,-0.900360757735931,0.660268182408527,-0.322739570245733,0.137264634544889,0.624930350684553,1,1,2,26,4,3,"Low","Medium",1,0,0,0,0,0,1,0,0,0,0,0,1,0
4.13035499974513,0.0043680754608076,0.660268182408527,3.35252846989465,-0.502720372622322,0.624930350684553,1,1,48,18,5,5,"Low","Small",0,0,0,0,1,0,1,0,0,0,0,1,0,0
4.15888308335967,0.0161061987736002,0.660268182408527,-0.322739570245733,-0.49952203166326,0.624930350684553,1,1,274,9,1,2,"Low","Small",0,0,1,0,0,0,1,0,0,0,0,0,1,0
4.4320065669789,0.128485185517324,0.660268182408527,-0.322739570245733,-0.499521574278244,-1.59803618246479,0,1,278,12,3,4,"Low","Small",0,1,0,0,0,0,1,0,0,0,0,0,1,0
1.22377543162212,-1.19156887740499,0.660268182408527,-0.322739570245733,-0.499520811969883,-1.59803618246479,0,1,276,6,1,2,"Low","Small",0,1,0,0,0,0,1,0,0,0,0,0,1,0
7.19893124068817,1.26695994099149,-1.51250861168473,-0.322739570245733,-0.501957454414717,0.624930350684553,1,1,130,29,5,3,"Low","Medium",1,0,0,0,0,1,0,0,0,0,0,0,1,0
2.89591193827178,-0.503554050468857,0.660268182408527,-0.322739570245733,-0.663159144417637,-1.59803618246479,0,1,4,58,1,1,"Low","Medium",0,0,1,0,0,0,1,0,0,0,0,0,1,0
4.18965474202643,0.0287674601765725,0.660268182408527,-0.322739570245733,-0.502416973894677,0.624930350684553,1,1,56,18,5,3,"Low","Small",1,0,0,0,0,0,1,0,0,0,0,0,1,0
3.34286180464919,-0.319652716013267,0.660268182408527,-0.322739570245733,-0.663159144417637,0.624930350684553,1,1,4,44,1,1,"Low","Medium",0,0,0,1,0,0,1,0,0,0,0,0,1,0
4.33467293829041,0.0884364338568778,0.660268182408527,-0.322739570245733,-0.502416668971333,0.624930350684553,1,1,52,18,5,3,"Low","Small",1,0,0,0,0,0,1,0,0,0,0,0,1,0
8.37216741936598,1.74969797297523,-1.51250861168473,-0.322739570245733,0.136807401990011,0.624930350684553,1,1,186,70,4,3,"Low","Medium",1,0,0,0,0,1,0,0,0,0,0,0,1,0
1.25276296849537,-1.17964170813033,0.660268182408527,-0.322739570245733,-0.344925286222666,0.624930350684553,1,1,26,32,3,4,"Low","Medium",1,0,0,0,0,0,1,0,0,0,0,0,1,0
0.0953101798043249,-1.65588552969104,0.660268182408527,-0.322739570245733,-0.660063715087299,-1.59803618246479,0,1,197,59,1,1,"Low","Medium",0,1,0,0,0,0,1,0,0,0,0,0,1,0
8.54090971803355,1.81912843092701,-1.51250861168473,-0.185603726478135,-0.970018294636025,0.624930350684553,1,1,164,75,2,5,"Low","Medium",1,0,0,0,0,1,0,0,0,0,0,0,0,1
4.36437169943516,0.100656242423921,0.660268182408527,-0.322739570245733,-0.660064172472315,0.624930350684553,1,1,199,46,1,1,"Low","Medium",0,0,0,1,0,0,1,0,0,0,0,0,1,0
4.14472076954717,0.0102789939682652,0.660268182408527,-0.322739570245733,-0.49952203166326,-1.59803618246479,0,1,274,12,1,1,"Low","Small",0,1,0,0,0,0,1,0,0,0,0,0,1,0
3.63758615972639,-0.198385866479203,-1.51250861168473,-0.185603726478135,-0.970018752021042,0.624930350684553,1,1,272,69,2,5,"Low","Medium",1,0,0,0,0,0,1,0,0,0,0,0,0,1
4.4320065669789,0.128485185517324,0.660268182408527,-0.322739570245733,-0.499521574278244,-1.59803618246479,0,1,278,12,1,1,"Low","Small",0,1,0,0,0,0,1,0,0,0,0,0,1,0
4.53796143629464,0.172081220162468,0.660268182408527,3.35252846989465,-0.50272372677911,0.624930350684553,1,1,18,18,5,5,"Low","Small",0,0,0,0,1,0,1,0,0,0,0,1,0,0
9.41311793733752,2.17800594162681,-1.51250861168473,-0.322739570245733,1.8813991786063,0.624930350684553,1,1,136,83,6,4,"Low","Large",1,0,0,0,0,1,0,0,0,0,0,0,1,0
4.61512051684126,0.20382898192577,0.660268182408527,-0.322739570245733,-0.659452953628532,-1.59803618246479,0,1,16,59,1,1,"Low","Medium",0,1,0,0,0,0,0,0,1,0,0,0,1,0
7.47022413589997,1.3785857165223,-1.51250861168473,-0.322739570245733,0.1368080118367,0.624930350684553,1,1,169,42,4,3,"Low","Medium",1,0,0,0,0,0,0,0,0,1,0,0,1,0
10.8592408913818,2.77302556472485,-1.51250861168473,-0.322739570245733,1.88095505775523,0.624930350684553,1,1,163,84,7,3,"Low","Large",1,0,0,0,0,0,0,0,0,1,0,0,1,0
1.3609765531356,-1.13511630580085,0.660268182408527,-0.322739570245733,-0.663157772262587,-1.59803618246479,0,1,123,54,1,1,"Low","Medium",0,1,0,0,0,0,1,0,0,0,0,0,1,0
1.84054963339749,-0.937791871756456,0.660268182408527,3.35252846989465,-0.502720067698978,0.624930350684553,1,1,264,18,5,5,"Low","Small",0,0,0,0,1,0,1,0,0,0,0,1,0,0
4.22244456484942,0.0422591124340956,0.660268182408527,-0.322739570245733,-0.499521726739916,-1.59803618246479,0,1,287,6,1,2,"Low","Small",0,1,0,0,0,0,1,0,0,0,0,0,1,0
2.78501124223834,-0.549185087698841,0.660268182408527,-0.322739570245733,-0.501957759338061,0.624930350684553,1,1,265,65,5,2,"Low","Medium",1,0,0,0,0,0,1,0,0,0,0,0,1,0
4.18813844150846,0.0281435653962711,0.660268182408527,-0.322739570245733,2.03477211420428,0.624930350684553,1,1,102,82,3,4,"Low","Large",1,0,0,0,0,0,1,0,0,0,0,0,1,0
6.16541785423142,0.841712043531286,-1.51250861168473,-0.322739570245733,-0.759666620601329,0.624930350684553,1,1,112,53,3,4,"Low","Medium",1,0,0,0,0,0,1,0,0,0,0,0,1,0
2.79728133483015,-0.544136453453086,0.660268182408527,-0.322739570245733,-0.659452648705188,-1.59803618246479,0,1,38,59,1,1,"Low","Medium",0,1,0,0,0,0,1,0,0,0,0,0,1,0
4.05698877567833,-0.0258190831554559,0.660268182408527,-0.322739570245733,1.88139582444951,0.624930350684553,1,1,92,79,6,4,"Low","Large",1,0,0,0,0,0,1,0,0,0,0,0,1,0
3.09104245335832,-0.423265935812349,-1.51250861168473,-0.322739570245733,-0.970476137037592,0.624930350684553,1,1,121,69,2,4,"Low","Medium",0,0,1,0,0,0,1,0,0,0,0,0,1,0
6.49375383985169,0.976808685118312,-1.51250861168473,3.35252846989465,-0.502719915237306,-1.59803618246479,0,1,126,19,5,5,"Low","Small",0,0,0,0,1,1,0,0,0,0,0,1,0,0
1.23982245721963,-1.18496619186143,0.660268182408527,3.35252846989465,-0.502720067698978,0.624930350684553,1,1,264,25,5,5,"Low","Small",0,0,0,0,1,0,1,0,0,0,0,1,0,0
7.23489842031483,1.28175894380484,-1.51250861168473,-0.322739570245733,-0.663157314877571,0.624930350684553,1,1,178,30,1,1,"Low","Medium",0,0,0,1,0,1,0,0,0,0,0,0,1,0
0.405465108108164,-1.52826963919899,0.660268182408527,-0.322739570245733,1.87988721620326,0.624930350684553,1,1,231,85,7,4,"Low","Large",1,0,0,0,0,0,1,0,0,0,0,0,1,0
6.81783057145415,1.1101528203135,-1.51250861168473,-0.322739570245733,-0.501503271093283,0.624930350684553,1,1,134,22,1,1,"Low","Small",0,0,1,0,0,1,0,0,0,0,0,0,1,0
4.0943445622221,-0.0104487261829441,-1.51250861168473,-0.322739570245733,-0.970475527190903,0.624930350684553,1,1,289,69,2,4,"Low","Medium",0,0,1,0,0,0,1,0,0,0,0,0,1,0
3.1267605359604,-0.408569426094253,0.660268182408527,-0.322739570245733,0.136350474358477,0.624930350684553,1,1,304,38,4,3,"Low","Medium",1,0,0,0,0,0,1,0,0,0,0,0,1,0
3.13113691056019,-0.406768729440054,0.660268182408527,-0.322739570245733,-0.501504033401643,-1.59803618246479,0,1,29,56,1,1,"Low","Medium",0,1,0,0,0,0,1,0,0,0,0,0,1,0
4.23410650459726,0.0470575170053996,0.660268182408527,-0.322739570245733,-0.65945417332191,-1.59803618246479,0,1,14,62,1,2,"Low","Medium",0,0,1,0,0,0,1,0,0,0,0,0,1,0
7.64108424917491,1.44888756735665,-1.51250861168473,-0.322739570245733,-0.66006310524061,0.624930350684553,1,1,138,46,1,1,"Low","Medium",0,0,0,1,0,1,0,0,0,0,0,0,1,0
4.42723897749543,0.126523520162654,0.660268182408527,3.35252846989465,-0.502722812009077,0.624930350684553,1,1,207,25,5,5,"Low","Small",0,0,0,0,1,0,1,0,0,0,0,1,0,0
3.37416870927424,-0.306771223095764,0.660268182408527,-0.322739570245733,-0.659454325783582,0.624930350684553,1,1,11,46,1,1,"Low","Medium",0,0,0,1,0,0,1,0,0,0,0,0,1,0
4.48525988931553,0.150396719178307,0.660268182408527,3.35252846989465,-0.502723116932421,-1.59803618246479,0,1,203,24,5,5,"Low","Small",0,0,0,0,1,0,1,0,0,0,0,1,0,0
4.06044301054642,-0.0243978087585913,-1.51250861168473,-0.322739570245733,-0.970475527190903,-1.59803618246479,0,1,289,53,3,4,"Low","Medium",0,0,0,0,1,0,1,0,0,0,0,0,1,0
1.84054963339749,-0.937791871756456,0.660268182408527,-0.322739570245733,-0.502415144354611,0.624930350684553,1,1,264,18,5,3,"Low","Small",1,0,0,0,0,0,1,0,0,0,0,0,1,0
3.78418963391826,-0.13806461667499,-1.51250861168473,-0.322739570245733,-0.970475832114247,-1.59803618246479,0,1,108,53,3,4,"Low","Medium",0,0,0,0,1,0,1,0,0,0,0,0,1,0
1.58923520511658,-1.04119733667671,0.660268182408527,-0.185603726478135,0.130709697411038,0.624930350684553,1,1,114,77,4,5,"Low","Medium",1,0,0,0,0,0,1,0,0,0,0,0,0,1
9.04958459309679,2.02842704664506,-1.51250861168473,-0.185603726478135,0.131776471731305,0.624930350684553,1,1,171,42,4,5,"Low","Medium",1,0,0,0,0,0,0,0,0,1,0,0,0,1
4.06216566385787,-0.0236890083614749,0.660268182408527,-0.322739570245733,-0.499521421816571,0.624930350684553,1,1,280,16,1,1,"Low","Small",0,0,1,0,0,0,1,0,0,0,0,0,1,0
2.88480071284671,-0.508125858935139,0.660268182408527,-0.322739570245733,1.88049630058363,0.624930350684553,1,1,250,85,7,4,"Low","Large",1,0,0,0,0,0,1,0,0,0,0,0,1,0
3.67122451887522,-0.184545076713439,0.660268182408527,-0.322739570245733,1.88139780645125,0.624930350684553,1,1,99,83,6,4,"Low","Large",1,0,0,0,0,0,1,0,0,0,0,0,1,0
1.38629436111989,-1.12469907777584,0.660268182408527,-0.322739570245733,1.87987151265102,0.624930350684553,1,1,76,83,7,3,"Low","Large",1,0,0,0,0,0,1,0,0,0,0,0,1,0
4.61512051684126,0.20382898192577,0.660268182408527,-0.322739570245733,-0.663157619800915,-1.59803618246479,0,1,9,41,1,1,"Low","Medium",0,1,0,0,0,0,0,0,1,0,0,0,1,0
4.16511363311031,0.0186698116074532,0.660268182408527,-0.322739570245733,-0.502415449277955,0.624930350684553,1,1,48,25,5,2,"Low","Small",1,0,0,0,0,0,1,0,0,0,0,0,1,0
7.82763954636642,1.52564733547415,-1.51250861168473,-0.322739570245733,0.136350169435133,0.624930350684553,1,1,156,51,4,3,"Low","Medium",1,0,0,0,0,1,0,0,0,0,0,0,1,0
0.405465108108164,-1.52826963919899,0.660268182408527,-0.322739570245733,1.87987197003604,0.624930350684553,1,1,85,79,7,3,"Low","Large",1,0,0,0,0,0,1,0,0,0,0,0,1,0
0.0953101798043249,-1.65588552969104,0.660268182408527,-0.322739570245733,-0.660063715087299,0.624930350684553,1,1,197,46,1,1,"Low","Medium",0,0,0,1,0,0,1,0,0,0,0,0,1,0
4.40060302024682,0.11556392838064,0.660268182408527,-0.322739570245733,-0.499521574278244,0.624930350684553,1,1,278,9,1,2,"Low","Small",0,0,1,0,0,0,1,0,0,0,0,0,1,0
9.04958459309679,2.02842704664506,-1.51250861168473,-0.185603726478135,0.131776319269633,0.624930350684553,1,1,170,78,4,5,"Low","Medium",1,0,0,0,0,1,0,0,0,0,0,0,0,1
7.96276393016811,1.58124541563475,-1.51250861168473,-0.322739570245733,-0.663157314877571,-1.59803618246479,0,1,178,54,1,1,"Low","Medium",0,1,0,0,0,1,0,0,0,0,0,0,1,0
9.41311793733752,2.17800594162681,-1.51250861168473,-0.322739570245733,1.88093965912634,0.624930350684553,1,1,136,83,7,3,"Low","Large",1,0,0,0,0,1,0,0,0,0,0,0,1,0
3.40784192438082,-0.292916091548901,0.660268182408527,-0.322739570245733,-0.500436496773016,-1.59803618246479,0,1,22,11,1,2,"Low","Small",0,1,0,0,0,0,1,0,0,0,0,0,1,0
0.53062825106217,-1.47677019654235,0.660268182408527,-0.322739570245733,1.87988721620326,0.624930350684553,1,1,231,86,7,3,"Low","Large",1,0,0,0,0,0,1,0,0,0,0,0,1,0
4.43556740160191,0.129950321292516,0.660268182408527,-0.322739570245733,-0.660063257702282,-1.59803618246479,0,1,196,74,3,4,"Low","Medium",0,0,1,0,0,0,1,0,0,0,0,0,1,0
0.8754687373539,-1.33488263739089,0.660268182408527,-0.322739570245733,1.88141366246516,0.624930350684553,1,1,235,85,6,4,"Low","Large",1,0,0,0,0,0,1,0,0,0,0,0,1,0
10.5433921717004,2.64306691520942,-1.51250861168473,-0.322739570245733,1.88141457723519,0.624930350684553,1,1,163,84,6,4,"Low","Large",1,0,0,0,0,0,0,0,0,1,0,0,1,0
3.76120011569356,-0.147523850020958,-1.51250861168473,-0.322739570245733,-0.970475832114247,-1.59803618246479,0,1,108,69,2,4,"Low","Medium",0,0,0,0,1,0,1,0,0,0,0,0,1,0
1.7404661748405,-0.978972064368972,0.660268182408527,-0.185603726478135,0.131792327745212,0.624930350684553,1,1,201,60,4,5,"Low","Medium",1,0,0,0,0,0,1,0,0,0,0,0,0,1
4.46705688385846,0.142906937333664,0.660268182408527,-0.322739570245733,-0.502417583741366,0.624930350684553,1,1,115,18,5,3,"Low","Small",1,0,0,0,0,0,1,0,0,0,0,0,1,0
3.02042488614436,-0.452322136123834,0.660268182408527,-0.322739570245733,1.87987136018935,0.624930350684553,1,1,75,83,7,3,"Low","Large",1,0,0,0,0,0,1,0,0,0,0,0,1,0
3.58351893845611,-0.220632285797994,-1.51250861168473,-0.322739570245733,-0.970475832114247,0.624930350684553,1,1,108,53,3,4,"Low","Medium",0,0,1,0,0,0,1,0,0,0,0,0,1,0
7.614312146452,1.43787195735808,-1.51250861168473,-0.322739570245733,-0.501503728478299,-1.59803618246479,0,1,129,44,1,2,"Low","Medium",0,1,0,0,0,0,0,0,0,1,0,0,1,0
4.46820433091493,0.143379064211369,0.660268182408527,-0.322739570245733,-0.657472324045198,0.624930350684553,1,1,262,30,1,2,"Low","Medium",1,0,0,0,0,0,1,0,0,0,0,0,1,0
4.16511363311031,0.0186698116074532,0.660268182408527,3.35252846989465,-0.502720372622322,0.624930350684553,1,1,48,25,5,5,"Low","Small",0,0,0,0,1,0,1,0,0,0,0,1,0,0
2.06686275947298,-0.844673405859087,0.660268182408527,-0.322739570245733,1.88095475283189,0.624930350684553,1,1,223,85,7,4,"Low","Large",1,0,0,0,0,0,1,0,0,0,0,0,1,0
2.54944517092557,-0.646110756830371,0.660268182408527,-0.322739570245733,1.87987288480607,0.624930350684553,1,1,86,83,7,3,"Low","Large",1,0,0,0,0,0,1,0,0,0,0,0,1,0
10.8591528318843,2.77298933189356,-1.51250861168473,-0.322739570245733,1.88095490529356,0.624930350684553,1,1,162,86,7,3,"Low","Large",1,0,0,0,0,1,0,0,0,0,0,0,1,0
5.97888576490112,0.764961824486216,-1.51250861168473,-0.185603726478135,0.130709544949366,0.624930350684553,1,1,171,42,4,5,"Low","Medium",1,0,0,0,0,0,0,0,0,1,0,0,0,1
6.7900972355139,1.09874170270952,-1.51250861168473,-0.322739570245733,0.135756941068668,0.624930350684553,1,1,185,42,4,3,"Low","Medium",1,0,0,0,0,0,0,0,0,1,0,0,1,0
1.02961941718116,-1.27145602545958,0.660268182408527,-0.322739570245733,-0.659453411013549,0.624930350684553,1,1,15,31,1,2,"Low","Medium",0,0,0,1,0,0,1,0,0,0,0,0,1,0
2.74727091425549,-0.564713667526129,0.660268182408527,-0.322739570245733,-0.499521421816571,-1.59803618246479,0,1,280,6,1,2,"Low","Small",0,1,0,0,0,0,1,0,0,0,0,0,1,0
2.31253542384721,-0.743589292815561,0.660268182408527,-0.322739570245733,-0.499520202123194,-1.59803618246479,0,1,279,6,1,2,"Low","Small",0,1,0,0,0,0,1,0,0,0,0,0,1,0
2.07944154167984,-0.839497758638478,-1.51250861168473,0.774347179895051,-0.971085526341309,0.624930350684553,1,1,20,69,2,5,"Low","Medium",1,0,0,0,0,0,1,0,0,0,1,0,0,0
0.182321556793955,-1.62008395652825,0.660268182408527,-0.322739570245733,-0.660063715087299,-1.59803618246479,0,1,197,74,1,1,"Low","Medium",0,0,1,0,0,0,1,0,0,0,0,0,1,0
4.61512051684126,0.20382898192577,0.660268182408527,-0.322739570245733,-0.659452953628532,-1.59803618246479,0,1,16,62,1,2,"Low","Medium",0,0,1,0,0,0,0,0,1,0,0,0,1,0
4.37575702166029,0.105340830356294,0.660268182408527,-0.322739570245733,1.88048090195474,0.624930350684553,1,1,106,79,7,4,"Low","Large",1,0,0,0,0,0,1,0,0,0,0,0,1,0
4.37197629882038,0.103785219698882,0.660268182408527,-0.322739570245733,-0.501503576016627,0.624930350684553,1,1,27,22,1,1,"Low","Small",0,0,1,0,0,0,1,0,0,0,0,0,1,0
0.955511445027436,-1.30194838265241,0.660268182408527,-0.322739570245733,1.88048135933976,0.624930350684553,1,1,64,83,7,3,"Low","Large",1,0,0,0,0,0,0,1,0,0,0,0,1,0
2.77258872223978,-0.554296439501118,-1.51250861168473,0.774347179895051,-0.971085526341309,0.624930350684553,1,1,20,69,2,5,"Low","Medium",1,0,0,0,0,0,1,0,0,0,1,0,0,0
4.2710950739666,0.0622767793395803,0.660268182408527,-0.322739570245733,-0.499521726739916,-1.59803618246479,0,1,287,12,1,1,"Low","Small",0,1,0,0,0,0,1,0,0,0,0,0,1,0
4.39937527300849,0.115058761308253,0.660268182408527,-0.322739570245733,-0.501961113494849,0.624930350684553,1,1,43,65,5,2,"Low","Medium",1,0,0,0,0,0,1,0,0,0,0,0,1,0
0.741937344729377,-1.38982526774538,0.660268182408527,-0.322739570245733,-0.663157924724259,-1.59803618246479,0,1,5,68,1,1,"Low","Medium",0,0,1,0,0,0,0,1,0,0,0,0,1,0
0.262364264467491,-1.58714970178977,0.660268182408527,-0.322739570245733,-0.660063715087299,-1.59803618246479,0,1,197,45,1,2,"Low","Medium",0,1,0,0,0,0,1,0,0,0,0,0,1,0
1.28093384546206,-1.16805056053932,0.660268182408527,-0.322739570245733,-1.75478365001863,0.624930350684553,1,1,273,53,3,4,"Low","Medium",1,0,0,0,0,0,1,0,0,0,0,0,1,0
4.57574137529728,0.187626098281682,0.660268182408527,-0.322739570245733,-0.660063257702282,0.624930350684553,1,1,196,31,3,4,"Low","Medium",0,0,0,1,0,0,1,0,0,0,0,0,1,0
2.69462718077007,-0.586374380655235,0.660268182408527,-0.322739570245733,-0.660063867548971,-1.59803618246479,0,1,194,59,1,1,"Low","Medium",0,1,0,0,0,0,1,0,0,0,0,0,1,0
1.87180217690159,-0.924932746185797,0.660268182408527,-0.322739570245733,-0.663157772262587,-1.59803618246479,0,1,123,41,1,1,"Low","Medium",0,1,0,0,0,0,1,0,0,0,0,0,1,0
4.36691299686383,0.101701880925101,0.660268182408527,-0.322739570245733,-1.4320212227748,0.624930350684553,1,1,39,40,3,4,"Low","Medium",1,0,0,0,0,0,1,0,0,0,0,0,1,0
2.19722457733622,-0.791034924072712,0.660268182408527,-0.322739570245733,1.8813964342962,0.624930350684553,1,1,95,79,6,4,"Low","Large",1,0,0,0,0,0,1,0,0,0,0,0,1,0
4.61512051684126,0.20382898192577,0.660268182408527,-0.322739570245733,-0.659452953628532,0.624930350684553,1,1,16,46,1,1,"Low","Medium",0,0,0,1,0,0,0,0,1,0,0,0,1,0
4.57471097850338,0.187202132732812,0.660268182408527,-0.322739570245733,-0.660063257702282,-1.59803618246479,0,1,196,45,3,4,"Low","Medium",0,1,0,0,0,0,1,0,0,0,0,0,1,0
4.41763506214125,0.122571907280548,0.660268182408527,-0.322739570245733,-0.501503576016627,-1.59803618246479,0,1,27,15,1,1,"Low","Small",0,1,0,0,0,0,1,0,0,0,0,0,1,0
4.3425058765116,0.0916593630933489,0.660268182408527,-0.322739570245733,0.136366787757401,0.624930350684553,1,1,299,20,4,3,"Low","Small",1,0,0,0,0,0,1,0,0,0,0,0,1,0
4.22829253473184,0.0446653095182349,0.660268182408527,-0.322739570245733,-0.65945417332191,0.624930350684553,1,1,14,31,1,2,"Low","Medium",0,0,0,1,0,0,1,0,0,0,0,0,1,0
1.93152141160321,-0.900360757735931,0.660268182408527,-0.322739570245733,-0.344924676375978,0.624930350684553,1,1,25,35,3,4,"Low","Medium",1,0,0,0,0,0,1,0,0,0,0,0,1,0
6.26149168432104,0.881242440313689,-1.51250861168473,-0.322739570245733,-0.499519592276505,-1.59803618246479,0,1,129,44,1,1,"Low","Medium",0,1,0,0,0,0,0,0,0,1,0,0,1,0
4.89034912822175,0.317074141441025,-1.51250861168473,-0.322739570245733,0.136808316760044,0.624930350684553,1,1,186,4,4,3,"Low","Small",1,0,0,0,0,1,0,0,0,0,0,0,1,0
1.1314021114911,-1.22957666780411,0.660268182408527,-0.322739570245733,1.87987203102071,0.624930350684553,1,1,87,79,7,3,"Low","Large",1,0,0,0,0,0,1,0,0,0,0,0,1,0
7.05098944706805,1.2060880282443,-1.51250861168473,-0.322739570245733,0.137264939468233,0.624930350684553,1,1,187,42,4,3,"Low","Medium",1,0,0,0,0,0,0,0,0,1,0,0,1,0
4.5358201078533,0.17120015231237,0.660268182408527,3.35252846989465,-0.502723116932421,0.624930350684553,1,1,203,18,5,5,"Low","Small",0,0,0,0,1,0,1,0,0,0,0,1,0,0
4.1174098351531,-0.000958322916975205,0.660268182408527,-0.322739570245733,1.88049614812196,0.624930350684553,1,1,252,86,7,3,"Low","Large",1,0,0,0,0,0,1,0,0,0,0,0,1,0
0.993251773010283,-1.28641980282512,0.660268182408527,-0.322739570245733,1.88049660550698,0.624930350684553,1,1,249,86,7,3,"Low","Large",1,0,0,0,0,0,0,1,0,0,0,0,1,0
4.22829253473184,0.0446653095182349,0.660268182408527,-0.322739570245733,-0.65945417332191,-1.59803618246479,0,1,14,45,1,2,"Low","Medium",0,1,0,0,0,0,1,0,0,0,0,0,1,0
3.66356164612965,-0.187698031059516,-1.51250861168473,-0.185603726478135,-0.970018447097697,0.624930350684553,1,1,192,75,2,5,"Low","Medium",1,0,0,0,0,0,1,0,0,0,0,0,0,1
4.61512051684126,0.20382898192577,0.660268182408527,-0.322739570245733,1.88049675796865,0.624930350684553,1,1,253,85,7,4,"Low","Large",1,0,0,0,0,0,0,0,1,0,0,0,1,0
7.64587582518481,1.45085910217219,-1.51250861168473,-0.322739570245733,-0.659452496243516,-1.59803618246479,0,1,138,45,1,2,"Low","Medium",0,1,0,0,0,1,0,0,0,0,0,0,1,0
8.25790419346567,1.70268339415327,-1.51250861168473,-0.322739570245733,0.136350321896805,0.624930350684553,1,1,157,42,4,3,"Low","Medium",1,0,0,0,0,0,0,0,0,1,0,0,1,0
4.01457959375324,-0.0432687027568834,0.660268182408527,-0.322739570245733,-0.65945417332191,-1.59803618246479,0,1,14,74,1,1,"Low","Medium",0,0,1,0,0,0,1,0,0,0,0,0,1,0
2.42480272571829,-0.697395953958208,0.660268182408527,-0.322739570245733,-0.499520202123194,0.624930350684553,1,1,279,9,1,2,"Low","Small",0,0,1,0,0,0,1,0,0,0,0,0,1,0
4.30000279919529,0.0741711094323941,0.660268182408527,-0.322739570245733,-0.501961113494849,0.624930350684553,1,1,43,29,5,3,"Low","Medium",1,0,0,0,0,0,1,0,0,0,0,0,1,0
0.993251773010283,-1.28641980282512,0.660268182408527,-0.322739570245733,-0.499519897199849,0.624930350684553,1,1,277,16,1,1,"Low","Small",0,0,1,0,0,0,0,1,0,0,0,0,1,0
4.07923092441205,-0.0166673613606965,0.660268182408527,-0.322739570245733,-0.65945417332191,0.624930350684553,1,1,14,46,1,1,"Low","Medium",0,0,0,1,0,0,1,0,0,0,0,0,1,0
8.1786387885907,1.6700689672807,-1.51250861168473,-0.185603726478135,-0.970018142174353,0.624930350684553,1,1,165,69,2,5,"Low","Medium",1,0,0,0,0,0,0,0,0,1,0,0,0,1
1.02961941718116,-1.27145602545958,0.660268182408527,-0.322739570245733,1.87988767358828,0.624930350684553,1,1,227,85,7,4,"Low","Large",1,0,0,0,0,0,1,0,0,0,0,0,1,0
3.41772668361337,-0.288848923057789,0.660268182408527,-0.322739570245733,1.88049630058363,0.624930350684553,1,1,250,86,7,3,"Low","Large",1,0,0,0,0,0,1,0,0,0,0,0,1,0
3.43398720448515,-0.28215839306278,0.660268182408527,-0.322739570245733,-0.663159144417637,-1.59803618246479,0,1,4,68,1,1,"Low","Medium",0,0,1,0,0,0,1,0,0,0,0,0,1,0
0.832909122935104,-1.35239415372485,0.660268182408527,-0.322739570245733,1.88095368560018,0.624930350684553,1,1,213,85,7,4,"Low","Large",1,0,0,0,0,0,1,0,0,0,0,0,1,0
0.182321556793955,-1.62008395652825,0.660268182408527,-0.322739570245733,-0.658584989328792,0.624930350684553,1,1,257,30,1,2,"Low","Medium",1,0,0,0,0,0,1,0,0,0,0,0,1,0
0.8754687373539,-1.33488263739089,0.660268182408527,-0.322739570245733,1.88093874435631,0.624930350684553,1,1,70,79,7,4,"Low","Large",1,0,0,0,0,0,1,0,0,0,0,0,1,0
0.53062825106217,-1.47677019654235,0.660268182408527,-0.322739570245733,-0.663158077185932,0.624930350684553,1,1,7,44,1,1,"Low","Medium",0,0,0,1,0,0,1,0,0,0,0,0,1,0
4.54754107315146,0.176022843449766,0.660268182408527,-0.322739570245733,1.87988630143323,0.624930350684553,1,1,224,85,7,4,"Low","Large",1,0,0,0,0,0,1,0,0,0,0,0,1,0
5.96100533962327,0.75760477100753,-1.51250861168473,-0.185603726478135,0.131776776654649,0.624930350684553,1,1,180,10,4,5,"Low","Small",1,0,0,0,0,1,0,0,0,0,0,0,0,1
0.641853886172395,-1.43100546035789,0.660268182408527,-0.322739570245733,1.87987257988273,0.624930350684553,1,1,80,79,7,3,"Low","Large",1,0,0,0,0,0,1,0,0,0,0,0,1,0
3.25424296870549,-0.356115691872366,0.660268182408527,-0.322739570245733,-0.659452648705188,-1.59803618246479,0,1,38,45,1,2,"Low","Medium",0,1,0,0,0,0,1,0,0,0,0,0,1,0
0.470003629245736,-1.50171471424245,0.660268182408527,-0.322739570245733,-0.663158077185932,-1.59803618246479,0,1,7,54,1,1,"Low","Medium",0,1,0,0,0,0,1,0,0,0,0,0,1,0
2.77258872223978,-0.554296439501118,0.660268182408527,-0.322739570245733,-0.499521421816571,0.624930350684553,1,1,280,9,1,2,"Low","Small",0,0,1,0,0,0,1,0,0,0,0,0,1,0
0.0953101798043249,-1.65588552969104,0.660268182408527,-0.322739570245733,1.88093859189464,0.624930350684553,1,1,69,79,7,4,"Low","Large",1,0,0,0,0,0,1,0,0,0,0,0,1,0
0.693147180559945,-1.4099003969132,0.660268182408527,-0.322739570245733,1.87987203102071,0.624930350684553,1,1,87,83,7,3,"Low","Large",1,0,0,0,0,0,1,0,0,0,0,0,1,0
0.53062825106217,-1.47677019654235,0.660268182408527,-0.322739570245733,1.88139887368296,0.624930350684553,1,1,100,83,6,4,"Low","Large",1,0,0,0,0,0,0,1,0,0,0,0,1,0
4.52396013056255,0.166320263505019,0.660268182408527,3.35252846989465,-0.502723116932421,0.624930350684553,1,1,203,25,5,5,"Low","Small",0,0,0,0,1,0,1,0,0,0,0,1,0,0
3.93769075217672,-0.0749052723911283,0.660268182408527,-0.322739570245733,0.135740475208072,0.624930350684553,1,1,269,42,4,3,"Low","Medium",1,0,0,0,0,0,1,0,0,0,0,0,1,0
6.88141130364254,1.13631365483813,-1.51250861168473,-0.322739570245733,-0.502414839431267,0.624930350684553,1,1,126,25,5,2,"Low","Small",1,0,0,0,0,1,0,0,0,0,0,0,1,0
2.77881927199042,-0.551732826667266,0.660268182408527,-0.322739570245733,-0.659452648705188,0.624930350684553,1,1,38,46,1,1,"Low","Medium",0,0,0,1,0,0,1,0,0,0,0,0,1,0
7.59337419312129,1.42925685788507,-1.51250861168473,-0.322739570245733,0.135740627669744,0.624930350684553,1,1,188,42,4,3,"Low","Medium",1,0,0,0,0,1,0,0,0,0,0,0,1,0
8.13563990335439,1.65237670922242,-1.51250861168473,-0.322739570245733,-0.501503728478299,0.624930350684553,1,1,129,44,1,2,"Low","Medium",0,0,1,0,0,0,0,0,0,1,0,0,1,0
6.76041469108343,1.08652856664787,-1.51250861168473,-0.322739570245733,-0.50150311863161,0.624930350684553,1,1,135,44,1,1,"Low","Medium",0,0,1,0,0,0,0,0,0,1,0,0,1,0
7.64587582518481,1.45085910217219,-1.51250861168473,-0.322739570245733,-0.66006310524061,-1.59803618246479,0,1,138,45,1,2,"Low","Medium",0,1,0,0,0,1,0,0,0,0,0,0,1,0
2.14006616349627,-0.814553240938379,0.660268182408527,-0.322739570245733,0.136807706913355,0.624930350684553,1,1,271,36,4,3,"Low","Medium",1,0,0,0,0,0,1,0,0,0,0,0,1,0
1.70474809223843,-0.993668574087068,0.660268182408527,-0.185603726478135,0.130708782641005,0.624930350684553,1,1,58,78,4,5,"Low","Medium",1,0,0,0,0,0,1,0,0,0,0,0,0,1
9.31325790598287,2.13691768004225,-1.51250861168473,-0.322739570245733,1.88093981158801,0.624930350684553,1,1,137,84,7,4,"Low","Large",1,0,0,0,0,0,0,0,0,1,0,0,1,0
4.43319492124828,0.128974144016666,0.660268182408527,-0.322739570245733,-0.658585294252137,0.624930350684553,1,1,258,30,1,2,"Low","Medium",1,0,0,0,0,0,1,0,0,0,0,0,1,0
8.03040956213048,1.60907878784,-1.51250861168473,-0.322739570245733,-0.659452496243516,-1.59803618246479,0,1,138,59,1,1,"Low","Medium",0,1,0,0,0,1,0,0,0,0,0,0,1,0
3.40119738166216,-0.295650045320303,-1.51250861168473,-0.185603726478135,-0.970018447097697,0.624930350684553,1,1,192,63,2,5,"Low","Medium",1,0,0,0,0,0,1,0,0,0,0,0,0,1
6.04737217904628,0.79314114369142,-1.51250861168473,-0.322739570245733,-0.500436344311344,-1.59803618246479,0,1,132,11,1,2,"Low","Small",0,1,0,0,0,1,0,0,0,0,0,0,1,0
2.19722457733622,-0.791034924072712,-1.51250861168473,-0.322739570245733,-0.970475679652575,-1.59803618246479,0,1,21,69,2,5,"Low","Medium",0,0,0,0,1,0,1,0,0,0,0,0,1,0
1.90210752639692,-0.912463351668453,0.660268182408527,-0.322739570245733,-0.663157772262587,-1.59803618246479,0,1,123,58,1,1,"Low","Medium",0,0,1,0,0,0,1,0,0,0,0,0,1,0
2.16332302566054,-0.80498400664836,0.660268182408527,-0.322739570245733,-0.660064020010643,-1.59803618246479,0,1,198,45,1,2,"Low","Medium",0,1,0,0,0,0,1,0,0,0,0,0,1,0
5.54907608489522,0.588112965897966,-1.51250861168473,-0.322739570245733,-0.499519592276505,-1.59803618246479,0,1,129,44,1,2,"Low","Medium",0,1,0,0,0,0,0,0,0,1,0,0,1,0
3.04452243772342,-0.442406993004047,-1.51250861168473,0.774347179895051,-0.971085983726325,0.624930350684553,1,1,122,69,2,5,"Low","Medium",1,0,0,0,0,0,1,0,0,0,1,0,0,0
4.57574137529728,0.187626098281682,0.660268182408527,-0.322739570245733,-0.660063257702282,0.624930350684553,1,1,196,31,1,2,"Low","Medium",0,0,0,1,0,0,1,0,0,0,0,0,1,0
2.99573227355399,-0.462482122171866,-1.51250861168473,-0.322739570245733,-0.970476137037592,-1.59803618246479,0,1,121,69,2,4,"Low","Medium",0,0,0,0,1,0,1,0,0,0,0,0,1,0
8.01862546504575,1.60423012059058,-1.51250861168473,-0.322739570245733,-0.663157314877571,-1.59803618246479,0,1,178,58,1,1,"Low","Medium",0,0,1,0,0,1,0,0,0,0,0,0,1,0
0.916290731874155,-1.31808607958394,0.660268182408527,-0.322739570245733,-0.659453258551877,-1.59803618246479,0,1,13,45,1,2,"Low","Medium",0,1,0,0,0,0,1,0,0,0,0,0,1,0
4.51305489708029,0.161833212180466,0.660268182408527,-0.322739570245733,-0.499521269354899,-1.59803618246479,0,1,286,12,1,1,"Low","Small",0,1,0,0,0,0,1,0,0,0,0,0,1,0
7.60638738977265,1.4346112486339,-1.51250861168473,-0.322739570245733,-0.663157314877571,0.624930350684553,1,1,178,44,1,1,"Low","Medium",0,0,0,1,0,1,0,0,0,0,0,0,1,0
8.51579221050061,1.80879361823102,-1.51250861168473,-0.322739570245733,-0.659452496243516,-1.59803618246479,0,1,138,74,1,1,"Low","Medium",0,0,1,0,0,1,0,0,0,0,0,0,1,0
4.33598269617247,0.0889753449080825,0.660268182408527,-0.322739570245733,-0.499521574278244,-1.59803618246479,0,1,278,6,1,2,"Low","Small",0,1,0,0,0,0,1,0,0,0,0,0,1,0
4.57367951889672,0.186777729880564,0.660268182408527,-0.322739570245733,-0.660063257702282,-1.59803618246479,0,1,196,62,1,2,"Low","Medium",0,0,1,0,0,0,1,0,0,0,0,0,1,0
6.51767127291227,0.986649716937484,-1.51250861168473,3.35252846989465,-0.502719762775633,-1.59803618246479,0,1,127,24,5,5,"Low","Small",0,0,0,0,1,0,0,0,0,1,0,1,0,0
4.4320065669789,0.128485185517324,0.660268182408527,-0.185603726478135,0.132249255376746,0.624930350684553,1,1,33,2,4,5,"Low","Small",1,0,0,0,0,0,1,0,0,0,0,0,0,1
2.37954613413017,-0.716017164550403,0.660268182408527,-0.322739570245733,-0.499521116893227,-1.59803618246479,0,1,283,12,1,1,"Low","Small",0,1,0,0,0,0,1,0,0,0,0,0,1,0
7.22766249872865,1.27878166215467,-1.51250861168473,-0.322739570245733,-0.658583922097087,0.624930350684553,1,1,153,44,1,2,"Low","Medium",1,0,0,0,0,0,0,0,0,1,0,0,1,0
9.41311793733752,2.17800594162681,-1.51250861168473,-0.322739570245733,1.88093981158801,0.624930350684553,1,1,137,84,7,3,"Low","Large",1,0,0,0,0,0,0,0,0,1,0,0,1,0
0.472500509444323,-1.50068735158941,0.660268182408527,-0.322739570245733,-0.34340112688585,0.624930350684553,1,1,119,53,3,4,"Low","Medium",1,0,0,0,0,0,1,0,0,0,0,0,1,0
4.00733318523247,-0.0462502993457368,0.660268182408527,-0.322739570245733,-1.43659705494204,0.624930350684553,1,1,111,53,3,4,"Low","Medium",1,0,0,0,0,0,1,0,0,0,0,0,1,0
7.81116338502528,1.51886807836887,-1.51250861168473,-0.185603726478135,0.130726620656651,0.624930350684553,1,1,145,42,4,5,"Low","Medium",1,0,0,0,0,0,0,0,0,1,0,0,0,1
4.2076732475291,0.0361813279414191,0.660268182408527,-0.322739570245733,0.135756636145323,0.624930350684553,1,1,268,23,4,3,"Low","Small",1,0,0,0,0,0,1,0,0,0,0,0,1,0
3.98341300151482,-0.0560924629462167,0.660268182408527,-0.322739570245733,-0.499521879201588,-1.59803618246479,0,1,285,12,1,1,"Low","Small",0,1,0,0,0,0,1,0,0,0,0,0,1,0
8.18116085802341,1.67110669425895,-1.51250861168473,-0.322739570245733,-0.659452496243516,-1.59803618246479,0,1,138,62,1,2,"Low","Medium",0,0,1,0,0,1,0,0,0,0,0,0,1,0
8.04558828080353,1.61532420109389,-1.51250861168473,-0.322739570245733,-0.659452343781843,-1.59803618246479,0,1,139,44,1,1,"Low","Medium",0,1,0,0,0,0,0,0,0,1,0,0,1,0
4.51305489708029,0.161833212180466,0.660268182408527,-0.322739570245733,-0.502417278818022,0.624930350684553,1,1,54,18,5,3,"Low","Small",1,0,0,0,0,0,1,0,0,0,0,0,1,0
7.20563517641036,1.26971833252074,-1.51250861168473,-0.322739570245733,-0.501957324822295,0.624930350684553,1,1,131,24,5,3,"Low","Small",1,0,0,0,0,0,0,0,0,1,0,0,1,0
3.72086249996699,-0.164121106042084,0.660268182408527,-0.322739570245733,0.136349864511789,0.624930350684553,1,1,302,66,4,3,"Low","Medium",1,0,0,0,0,0,1,0,0,0,0,0,1,0
4.45667017766965,0.138633238486404,0.660268182408527,-0.322739570245733,-0.660063257702282,0.624930350684553,1,1,196,46,3,4,"Low","Medium",0,0,0,1,0,0,1,0,0,0,0,0,1,0
0.470003629245736,-1.50171471424245,0.660268182408527,-0.322739570245733,-0.499520049661522,-1.59803618246479,0,1,284,12,1,1,"Low","Small",0,1,0,0,0,0,1,0,0,0,0,0,1,0
1.3609765531356,-1.13511630580085,0.660268182408527,-0.322739570245733,-1.75478365001863,0.624930350684553,1,1,273,53,3,4,"Low","Medium",1,0,0,0,0,0,1,0,0,0,0,0,1,0
0.336472236621213,-1.55665734459694,0.660268182408527,-0.322739570245733,-0.660063715087299,-1.59803618246479,0,1,197,62,1,2,"Low","Medium",0,0,1,0,0,0,1,0,0,0,0,0,1,0
4.23988686751276,0.0494358966263933,0.660268182408527,-0.185603726478135,0.130268015946723,0.624930350684553,1,1,31,37,4,5,"Low","Medium",1,0,0,0,0,0,1,0,0,0,0,0,0,1
4.61512051684126,0.20382898192577,0.660268182408527,-0.322739570245733,-0.660063410163954,-1.59803618246479,0,1,200,59,1,1,"Low","Medium",0,1,0,0,0,0,0,0,1,0,0,0,1,0
4.49980967033027,0.156383350668618,0.660268182408527,3.35252846989465,-0.502722964470749,-1.59803618246479,0,1,205,24,5,5,"Low","Small",0,0,0,0,1,0,1,0,0,0,0,1,0,0
4.61512051684126,0.20382898192577,0.660268182408527,-0.322739570245733,1.87987334219109,0.624930350684553,1,1,107,79,7,4,"Low","Large",1,0,0,0,0,0,0,0,1,0,0,0,1,0
4.13035499974513,0.0043680754608076,0.660268182408527,-0.322739570245733,-0.502415449277955,0.624930350684553,1,1,48,18,5,3,"Low","Small",1,0,0,0,0,0,1,0,0,0,0,0,1,0
4.46820433091493,0.143379064211369,0.660268182408527,3.35252846989465,-0.502723421855766,0.624930350684553,1,1,42,25,5,5,"Low","Small",0,0,0,0,1,0,1,0,0,0,0,1,0,0
9.04958459309679,2.02842704664506,-1.51250861168473,-0.185603726478135,0.130708935102677,0.624930350684553,1,1,170,78,4,5,"Low","Medium",1,0,0,0,0,1,0,0,0,0,0,0,0,1
4.09767235231478,-0.00907947856734171,0.660268182408527,-0.322739570245733,-0.49952203166326,-1.59803618246479,0,1,274,6,1,2,"Low","Small",0,1,0,0,0,0,1,0,0,0,0,0,1,0
2.82731362192903,-0.531779412787651,0.660268182408527,-0.322739570245733,1.8798875211266,0.624930350684553,1,1,225,86,7,3,"Low","Large",1,0,0,0,0,0,1,0,0,0,0,0,1,0
7.52779398772144,1.40227332305453,-1.51250861168473,-0.322739570245733,0.136350779281822,0.624930350684553,1,1,159,42,4,3,"Low","Medium",1,0,0,0,0,0,0,0,0,1,0,0,1,0
7.25488481007734,1.28998251433204,-1.51250861168473,-0.322739570245733,-0.659452496243516,0.624930350684553,1,1,138,31,1,2,"Low","Medium",0,0,0,1,0,1,0,0,0,0,0,0,1,0
9.31325790598287,2.13691768004225,-1.51250861168473,-0.322739570245733,1.88093965912634,0.624930350684553,1,1,136,79,7,4,"Low","Large",1,0,0,0,0,1,0,0,0,0,0,0,1,0
4.3528552573736,0.0959177041165551,0.660268182408527,-0.322739570245733,1.88049614812196,0.624930350684553,1,1,252,85,7,4,"Low","Large",1,0,0,0,0,0,1,0,0,0,0,0,1,0
6.50876913697168,0.982986857180417,-1.51250861168473,-0.322739570245733,-0.502414686969595,0.624930350684553,1,1,127,24,5,3,"Low","Small",1,0,0,0,0,0,0,0,0,1,0,0,1,0
7.24921505711439,1.28764964611939,-1.51250861168473,-0.322739570245733,-0.659452343781843,0.624930350684553,1,1,139,44,1,2,"Low","Medium",0,0,0,1,0,0,0,0,0,1,0,0,1,0
3.8286413964891,-0.119774559846163,-1.51250861168473,-0.322739570245733,-0.970475832114247,0.624930350684553,1,1,108,53,3,4,"Low","Medium",0,0,1,0,0,0,1,0,0,0,0,0,1,0
4.39444915467244,0.113031867905131,0.660268182408527,3.35252846989465,-0.502722812009077,-1.59803618246479,0,1,207,24,5,5,"Low","Small",0,0,0,0,1,0,1,0,0,0,0,1,0,0
7.97693875695943,1.58707776901193,-1.51250861168473,-0.322739570245733,-0.501503880939971,-1.59803618246479,0,1,128,56,1,1,"Low","Medium",0,1,0,0,0,1,0,0,0,0,0,0,1,0
4.61512051684126,0.20382898192577,0.660268182408527,-0.322739570245733,1.87988858835831,0.624930350684553,1,1,253,86,7,3,"Low","Large",1,0,0,0,0,0,0,0,1,0,0,0,1,0
6.85856503479136,1.12691336266865,-1.51250861168473,3.35252846989465,-0.502719762775633,-1.59803618246479,0,1,127,24,5,5,"Low","Small",0,0,0,0,1,0,0,0,0,1,0,1,0,0
4.27666611901606,0.0645690333393655,0.660268182408527,3.35252846989465,-0.5027215923157,-1.59803618246479,0,1,52,19,5,5,"Low","Small",0,0,0,0,1,0,1,0,0,0,0,1,0,0
2.17475172148416,-0.800281572278961,0.660268182408527,3.35252846989465,-0.502720067698978,-1.59803618246479,0,1,264,19,5,5,"Low","Small",0,0,0,0,1,0,1,0,0,0,0,1,0,0
3.8286413964891,-0.119774559846163,-1.51250861168473,-0.322739570245733,-0.970475832114247,0.624930350684553,1,1,108,69,2,4,"Low","Medium",0,0,1,0,0,0,1,0,0,0,0,0,1,0
8.18116085802341,1.67110669425895,-1.51250861168473,-0.322739570245733,-0.66006310524061,-1.59803618246479,0,1,138,62,1,2,"Low","Medium",0,0,1,0,0,1,0,0,0,0,0,0,1,0
8.07184314960916,1.62612699078582,-1.51250861168473,-0.185603726478135,0.131792632668556,0.624930350684553,1,1,140,60,4,5,"Low","Medium",1,0,0,0,0,1,0,0,0,0,0,0,0,1
3.63230910262554,-0.200557156630175,0.660268182408527,-0.322739570245733,-0.499521513293575,0.624930350684553,1,1,288,9,1,2,"Low","Small",0,0,1,0,0,0,1,0,0,0,0,0,1,0
0.470003629245736,-1.50171471424245,0.660268182408527,-0.322739570245733,-0.663158077185932,-1.59803618246479,0,1,7,41,1,1,"Low","Medium",0,1,0,0,0,0,1,0,0,0,0,0,1,0
4.52396013056255,0.166320263505019,0.660268182408527,-0.322739570245733,-0.502418650973071,0.624930350684553,1,1,40,18,5,3,"Low","Small",1,0,0,0,0,0,1,0,0,0,0,0,1,0
2.45100509811232,-0.686614764362563,0.660268182408527,-0.322739570245733,-0.499520964431555,0.624930350684553,1,1,275,9,1,2,"Low","Small",0,0,1,0,0,0,1,0,0,0,0,0,1,0
1.52605630349505,-1.06719283458749,0.660268182408527,-0.322739570245733,-0.660063867548971,-1.59803618246479,0,1,194,45,1,2,"Low","Medium",0,1,0,0,0,0,1,0,0,0,0,0,1,0
7.86480400332846,1.54093896825845,-1.51250861168473,-0.185603726478135,0.130267711023379,0.624930350684553,1,1,142,50,4,5,"Low","Medium",1,0,0,0,0,1,0,0,0,0,0,0,0,1
2.74727091425549,-0.564713667526129,0.660268182408527,-0.322739570245733,0.135756178760307,0.624930350684553,1,1,266,28,4,3,"Low","Medium",1,0,0,0,0,0,1,0,0,0,0,0,1,0
9.04958459309679,2.02842704664506,-1.51250861168473,-0.185603726478135,0.130709087564349,0.624930350684553,1,1,171,42,4,5,"Low","Medium",1,0,0,0,0,0,0,0,0,1,0,0,0,1
4.08597631255158,-0.0138919138807921,0.660268182408527,-0.185603726478135,0.132691699149422,0.624930350684553,1,1,292,78,3,5,"Low","Medium",1,0,0,0,0,0,1,0,0,0,0,0,0,1
6.5191472879404,0.987257035909403,-1.51250861168473,-0.322739570245733,-0.502414839431267,0.624930350684553,1,1,126,18,5,3,"Low","Small",1,0,0,0,0,1,0,0,0,0,0,0,1,0
7.62168499872461,1.44090558030704,-1.51250861168473,-0.322739570245733,-0.663157162415899,0.624930350684553,1,1,179,44,1,1,"Low","Medium",0,0,0,1,0,0,0,0,0,1,0,0,1,0
2.53369681395743,-0.652590552619097,0.660268182408527,-0.322739570245733,1.88139872122128,0.624930350684553,1,1,83,83,6,4,"Low","Large",1,0,0,0,0,0,1,0,0,0,0,0,1,0
1.70474809223843,-0.993668574087068,0.660268182408527,-0.322739570245733,1.88048120687809,0.624930350684553,1,1,105,79,7,4,"Low","Large",1,0,0,0,0,0,1,0,0,0,0,0,1,0
7.97384437594469,1.58580455955214,-1.51250861168473,-0.322739570245733,-0.663157162415899,-1.59803618246479,0,1,179,44,1,1,"Low","Medium",0,1,0,0,0,0,0,0,0,1,0,0,1,0
4.05525717351405,-0.0265315656343924,0.660268182408527,-0.322739570245733,-0.501958064261405,0.624930350684553,1,1,48,29,5,3,"Low","Medium",1,0,0,0,0,0,1,0,0,0,0,0,1,0
7.83715965000168,1.52956446330969,-1.51250861168473,-0.185603726478135,0.130267863485051,0.624930350684553,1,1,143,42,4,5,"Low","Medium",1,0,0,0,0,0,0,0,0,1,0,0,0,1
4.05352256770185,-0.0272452839898872,0.660268182408527,-0.322739570245733,-0.499521421816571,-1.59803618246479,0,1,280,12,1,1,"Low","Small",0,1,0,0,0,0,1,0,0,0,0,0,1,0
0,-1.69510171605056,0.660268182408527,-0.322739570245733,1.88093889681798,0.624930350684553,1,1,72,79,7,4,"Low","Large",1,0,0,0,0,0,1,0,0,0,0,0,1,0
4.23988686751276,0.0494358966263933,0.660268182408527,-0.322739570245733,-0.50043680169636,0.624930350684553,1,1,28,17,1,2,"Low","Small",0,0,1,0,0,0,1,0,0,0,0,0,1,0
0.470003629245736,-1.50171471424245,0.660268182408527,-0.322739570245733,-0.499520507046538,0.624930350684553,1,1,282,9,1,2,"Low","Small",0,0,1,0,0,0,1,0,0,0,0,0,1,0
4.42124734782716,0.124058213034387,0.660268182408527,-0.322739570245733,-0.502417583741366,0.624930350684553,1,1,115,25,5,2,"Low","Small",1,0,0,0,0,0,1,0,0,0,0,0,1,0
10.5433921717004,2.64306691520942,-1.51250861168473,-0.322739570245733,1.88095505775523,0.624930350684553,1,1,163,84,7,4,"Low","Large",1,0,0,0,0,0,0,0,0,1,0,0,1,0
3.22684399451738,-0.367389233481737,0.660268182408527,-0.322739570245733,-0.659452648705188,-1.59803618246479,0,1,38,62,1,2,"Low","Medium",0,0,1,0,0,0,1,0,0,0,0,0,1,0
3.38439026334577,-0.3025654774957,0.660268182408527,-0.322739570245733,1.88048105441641,0.624930350684553,1,1,104,83,7,3,"Low","Large",1,0,0,0,0,0,1,0,0,0,0,0,1,0
10.8591528318843,2.77298933189356,-1.51250861168473,-0.322739570245733,1.88141442477352,0.624930350684553,1,1,162,86,6,4,"Low","Large",1,0,0,0,0,1,0,0,0,0,0,0,1,0
4.07073469658297,-0.0201632067633846,0.660268182408527,-0.185603726478135,0.130251576004611,0.624930350684553,1,1,60,76,4,5,"Low","Medium",1,0,0,0,0,0,1,0,0,0,0,0,0,1
4.24276456734037,0.0506199507637184,0.660268182408527,-0.322739570245733,-0.499521726739916,0.624930350684553,1,1,287,16,1,1,"Low","Small",0,0,1,0,0,0,1,0,0,0,0,0,1,0
0.641853886172395,-1.43100546035789,0.660268182408527,-0.322739570245733,1.87988727718793,0.624930350684553,1,1,233,86,7,3,"Low","Large",1,0,0,0,0,0,1,0,0,0,0,0,1,0
0.78845736036427,-1.37068421055368,0.660268182408527,-0.322739570245733,-0.659453106090204,-1.59803618246479,0,1,12,59,1,1,"Low","Medium",0,1,0,0,0,0,0,1,0,0,0,0,1,0
7.58222919427646,1.42467115305719,-1.51250861168473,-0.322739570245733,-0.663157314877571,-1.59803618246479,0,1,178,41,1,1,"Low","Medium",0,1,0,0,0,1,0,0,0,0,0,0,1,0
4.18813844150846,0.0281435653962711,0.660268182408527,3.35252846989465,-0.502723269394094,0.624930350684553,1,1,44,18,5,5,"Low","Small",0,0,0,0,1,0,1,0,0,0,0,1,0,0
4.57471097850338,0.187202132732812,0.660268182408527,-0.322739570245733,1.88141091815506,0.624930350684553,1,1,244,85,6,4,"Low","Large",1,0,0,0,0,0,1,0,0,0,0,0,1,0
3.958906591327,-0.0661758344276416,0.660268182408527,-0.322739570245733,-0.499521879201588,0.624930350684553,1,1,285,9,1,2,"Low","Small",0,0,1,0,0,0,1,0,0,0,0,0,1,0
2.83907846350861,-0.52693866838005,0.660268182408527,-0.322739570245733,-0.663159144417637,0.624930350684553,1,1,4,30,1,1,"Low","Medium",0,0,0,1,0,0,1,0,0,0,0,0,1,0
7.58984151218266,1.42780330618343,-1.51250861168473,-0.322739570245733,-0.663157162415899,-1.59803618246479,0,1,179,44,1,1,"Low","Medium",0,1,0,0,0,0,0,0,0,1,0,0,1,0
4.04480411666196,-0.0308325650279488,0.660268182408527,-0.322739570245733,-0.65945417332191,-1.59803618246479,0,1,14,59,1,1,"Low","Medium",0,1,0,0,0,0,1,0,0,0,0,0,1,0
4.61512051684126,0.20382898192577,0.660268182408527,-0.322739570245733,-0.663157619800915,-1.59803618246479,0,1,9,68,1,1,"Low","Medium",0,0,1,0,0,0,0,0,1,0,0,0,1,0
4.23844490619586,0.0488425893443914,0.660268182408527,-0.185603726478135,1.59083558929588,0.624930350684553,1,1,294,80,3,5,"Low","Large",1,0,0,0,0,0,1,0,0,0,0,0,0,1
4.16355963124357,0.018030404285654,0.660268182408527,3.35252846989465,-0.502721439854027,-1.59803618246479,0,1,53,19,5,5,"Low","Small",0,0,0,0,1,0,1,0,0,0,0,1,0,0
1.41098697371026,-1.11453909172781,0.660268182408527,-0.322739570245733,-0.663157772262587,-1.59803618246479,0,1,123,68,1,1,"Low","Medium",0,0,1,0,0,0,1,0,0,0,0,0,1,0
4.46935046284556,0.143850649969324,0.660268182408527,-0.322739570245733,1.87987105526601,0.624930350684553,1,1,78,83,7,3,"Low","Large",1,0,0,0,0,0,1,0,0,0,0,0,1,0
4.61512051684126,0.20382898192577,0.660268182408527,-0.322739570245733,-0.658584227020432,0.624930350684553,1,1,259,30,1,2,"Low","Medium",1,0,0,0,0,0,0,0,1,0,0,0,1,0
7.65254569269392,1.45360347604461,-1.51250861168473,-0.322739570245733,-0.660062952778938,-1.59803618246479,0,1,139,44,1,2,"Low","Medium",0,1,0,0,0,0,0,0,0,1,0,0,1,0
5.87773578177964,0.723342801245489,-1.51250861168473,-0.322739570245733,-0.499519744738177,0.624930350684553,1,1,128,9,1,2,"Low","Small",0,0,1,0,0,1,0,0,0,0,0,0,1,0
8.46400336290212,1.78748465519122,-1.51250861168473,-0.322739570245733,-0.501503880939971,0.624930350684553,1,1,128,72,1,1,"Low","Medium",0,0,1,0,0,1,0,0,0,0,0,0,1,0
4.52720864451838,0.167656892277989,0.660268182408527,3.35252846989465,-0.50272372677911,-1.59803618246479,0,1,18,19,5,5,"Low","Small",0,0,0,0,1,0,1,0,0,0,0,1,0,0
1.7404661748405,-0.978972064368972,0.660268182408527,-0.322739570245733,1.87987227495939,0.624930350684553,1,1,79,79,7,3,"Low","Large",1,0,0,0,0,0,1,0,0,0,0,0,1,0
8.8794724020748,1.95843293480055,-1.51250861168473,-0.185603726478135,0.130710002334383,0.624930350684553,1,1,175,42,4,5,"Low","Medium",1,0,0,0,0,0,0,0,0,1,0,0,0,1
3.39114704580865,-0.299785341724274,0.660268182408527,-0.322739570245733,-0.659454325783582,-1.59803618246479,0,1,11,62,1,2,"Low","Medium",0,0,1,0,0,0,1,0,0,0,0,0,1,0
3.41772668361337,-0.288848923057789,0.660268182408527,-0.322739570245733,-0.659454325783582,0.624930350684553,1,1,11,31,1,2,"Low","Medium",0,0,0,1,0,0,1,0,0,0,0,0,1,0
4.20469261939097,0.0349549230728771,-1.51250861168473,-0.185603726478135,-0.97001859955937,0.624930350684553,1,1,46,69,2,5,"Low","Medium",1,0,0,0,0,0,1,0,0,0,0,0,0,1
4.46820433091493,0.143379064211369,0.660268182408527,-0.322739570245733,-0.502418498511399,0.624930350684553,1,1,42,25,5,2,"Low","Small",1,0,0,0,0,0,1,0,0,0,0,0,1,0
4.57057874121847,0.185501888459016,0.660268182408527,-0.322739570245733,1.88139567198784,0.624930350684553,1,1,98,79,6,4,"Low","Large",1,0,0,0,0,0,1,0,0,0,0,0,1,0
3.4307561839037,-0.283487824037662,0.660268182408527,-0.322739570245733,-0.501958064261405,0.624930350684553,1,1,48,65,5,2,"Low","Medium",1,0,0,0,0,0,1,0,0,0,0,0,1,0
4.28496492183075,0.0679836465360891,0.660268182408527,3.35252846989465,-0.502722049700716,-1.59803618246479,0,1,55,19,5,5,"Low","Small",0,0,0,0,1,0,1,0,0,0,0,1,0,0
3.22684399451738,-0.367389233481737,0.660268182408527,-0.322739570245733,-1.29938048274533,0.624930350684553,1,1,117,53,3,4,"Low","Medium",1,0,0,0,0,0,1,0,0,0,0,0,1,0
4.68213122712422,0.231401110190928,-1.51250861168473,-0.322739570245733,-0.501503271093283,0.624930350684553,1,1,134,3,1,2,"Low","Small",0,0,1,0,0,1,0,0,0,0,0,0,1,0
7.29437729928882,1.30623203584063,-1.51250861168473,-0.322739570245733,0.136350779281822,0.624930350684553,1,1,159,42,4,3,"Low","Medium",1,0,0,0,0,0,0,0,0,1,0,0,1,0
4.18813844150846,0.0281435653962711,0.660268182408527,-0.322739570245733,-0.502418346049727,0.624930350684553,1,1,44,18,5,3,"Low","Small",1,0,0,0,0,0,1,0,0,0,0,0,1,0
2.47653840011748,-0.676108869484764,0.660268182408527,-0.322739570245733,-0.499521116893227,0.624930350684553,1,1,283,16,1,1,"Low","Small",0,0,1,0,0,0,1,0,0,0,0,0,1,0
0.916290731874155,-1.31808607958394,0.660268182408527,-0.322739570245733,1.87988828343496,0.624930350684553,1,1,230,86,7,3,"Low","Large",1,0,0,0,0,0,1,0,0,0,0,0,1,0
7.11963563801764,1.23433308897839,-1.51250861168473,-0.322739570245733,0.135756331221979,0.624930350684553,1,1,182,28,4,3,"Low","Medium",1,0,0,0,0,1,0,0,0,0,0,0,1,0
0.336472236621213,-1.55665734459694,0.660268182408527,-0.322739570245733,1.87988706374159,0.624930350684553,1,1,219,85,7,4,"Low","Large",1,0,0,0,0,0,1,0,0,0,0,0,1,0
4.13995507347415,0.00831810767347616,0.660268182408527,-0.322739570245733,-0.501957606876389,0.624930350684553,1,1,191,65,5,2,"Low","Medium",1,0,0,0,0,0,1,0,0,0,0,0,1,0
0.182321556793955,-1.62008395652825,0.660268182408527,-0.322739570245733,-0.500436649234688,-1.59803618246479,0,1,23,11,1,2,"Low","Small",0,1,0,0,0,0,1,0,0,0,0,0,1,0
8.51579221050061,1.80879361823102,-1.51250861168473,-0.322739570245733,-0.659452343781843,-1.59803618246479,0,1,139,44,1,1,"Low","Medium",0,0,1,0,0,0,0,0,0,1,0,0,1,0
0,-1.69510171605056,0.660268182408527,-0.322739570245733,1.8809541429852,0.624930350684553,1,1,218,85,7,4,"Low","Large",1,0,0,0,0,0,1,0,0,0,0,0,1,0
3.95508249488859,-0.0677492915220786,0.660268182408527,-0.322739570245733,-0.499521879201588,0.624930350684553,1,1,285,16,1,1,"Low","Small",0,0,1,0,0,0,1,0,0,0,0,0,1,0
9.31325790598287,2.13691768004225,-1.51250861168473,-0.322739570245733,1.8813991786063,0.624930350684553,1,1,136,79,6,4,"Low","Large",1,0,0,0,0,1,0,0,0,0,0,0,1,0
6.47389069635227,0.968635825317209,-1.51250861168473,-0.322739570245733,-0.500436191849671,0.624930350684553,1,1,133,44,1,2,"Low","Medium",0,0,1,0,0,0,0,0,0,1,0,0,1,0
4.30945594183905,0.0780606855968887,0.660268182408527,3.35252846989465,-0.502722049700716,0.624930350684553,1,1,55,18,5,5,"Low","Small",0,0,0,0,1,0,1,0,0,0,0,1,0,0
3.08190996979504,-0.42702357406335,0.660268182408527,-0.322739570245733,-0.499521116893227,-1.59803618246479,0,1,283,6,1,2,"Low","Small",0,1,0,0,0,0,1,0,0,0,0,0,1,0
8.37216741936598,1.74969797297523,-1.51250861168473,-0.322739570245733,0.135740170284727,0.624930350684553,1,1,186,70,4,3,"Low","Medium",1,0,0,0,0,1,0,0,0,0,0,0,1,0
0.0953101798043249,-1.65588552969104,0.660268182408527,-0.322739570245733,-0.659453563475221,-1.59803618246479,0,1,17,62,1,2,"Low","Medium",0,0,1,0,0,0,1,0,0,0,0,0,1,0
4.52396013056255,0.166320263505019,0.660268182408527,3.35252846989465,-0.502723574317438,0.624930350684553,1,1,40,18,5,5,"Low","Small",0,0,0,0,1,0,1,0,0,0,0,1,0,0
0.336472236621213,-1.55665734459694,0.660268182408527,-0.322739570245733,1.88141335754181,0.624930350684553,1,1,237,85,6,4,"Low","Large",1,0,0,0,0,0,1,0,0,0,0,0,1,0
3.29583686600433,-0.339001528083791,-1.51250861168473,0.774347179895051,-0.971085831264653,0.624930350684553,1,1,254,69,2,5,"Low","Medium",1,0,0,0,0,0,1,0,0,0,1,0,0,0
3.8286413964891,-0.119774559846163,-1.51250861168473,0.774347179895051,-0.971085678802981,0.624930350684553,1,1,109,69,2,5,"Low","Medium",1,0,0,0,0,0,1,0,0,0,1,0,0,0
4.61512051684126,0.20382898192577,0.660268182408527,-0.322739570245733,-0.663157619800915,-1.59803618246479,0,1,9,58,1,1,"Low","Medium",0,0,1,0,0,0,0,0,1,0,0,0,1,0
4.61512051684126,0.20382898192577,0.660268182408527,-0.322739570245733,-0.659452953628532,-1.59803618246479,0,1,16,45,1,2,"Low","Medium",0,1,0,0,0,0,0,0,1,0,0,0,1,0
4.21656219494635,0.0398387611680725,0.660268182408527,-0.322739570245733,-0.50043680169636,-1.59803618246479,0,1,28,11,1,2,"Low","Small",0,1,0,0,0,0,1,0,0,0,0,0,1,0
4.61512051684126,0.20382898192577,0.660268182408527,-0.322739570245733,-0.660063410163954,-1.59803618246479,0,1,200,74,1,1,"Low","Medium",0,0,1,0,0,0,0,0,1,0,0,0,1,0
4.0943445622221,-0.0104487261829441,-1.51250861168473,0.774347179895051,-0.971085373879636,0.624930350684553,1,1,290,69,2,5,"Low","Medium",1,0,0,0,0,0,1,0,0,0,1,0,0,0
8.40290404501411,1.7623448197439,-1.51250861168473,-0.322739570245733,0.1357403227464,0.624930350684553,1,1,187,42,4,3,"Low","Medium",1,0,0,0,0,0,0,0,0,1,0,0,1,0
1.33500106673234,-1.14580414122053,0.660268182408527,-0.322739570245733,1.87987151265102,0.624930350684553,1,1,76,79,7,3,"Low","Large",1,0,0,0,0,0,1,0,0,0,0,0,1,0
4.56538931597625,0.183366655183664,0.660268182408527,-0.322739570245733,-0.663157467339243,-1.59803618246479,0,1,3,54,1,1,"Low","Medium",0,1,0,0,0,0,1,0,0,0,0,0,1,0
4.43438186500781,0.129462522149699,0.660268182408527,-0.322739570245733,-0.499521269354899,0.624930350684553,1,1,286,9,1,2,"Low","Small",0,0,1,0,0,0,1,0,0,0,0,0,1,0
7.87169266432365,1.54377336657675,-1.51250861168473,-0.322739570245733,0.136350321896805,0.624930350684553,1,1,157,42,4,3,"Low","Medium",1,0,0,0,0,0,0,0,0,1,0,0,1,0
4.51085950651685,0.160929900009149,0.660268182408527,-0.322739570245733,2.03477211420428,0.624930350684553,1,1,102,79,3,4,"Low","Large",1,0,0,0,0,0,1,0,0,0,0,0,1,0
4.35414143118435,0.0964469113004724,0.660268182408527,-0.322739570245733,-0.663158991955965,-1.59803618246479,0,1,6,41,1,1,"Low","Medium",0,1,0,0,0,0,1,0,0,0,0,0,1,0
2.3887627892351,-0.712224893200709,0.660268182408527,-0.322739570245733,-0.659453411013549,-1.59803618246479,0,1,15,59,1,1,"Low","Medium",0,1,0,0,0,0,1,0,0,0,0,0,1,0
1.06471073699243,-1.25701740263728,0.660268182408527,-0.322739570245733,-0.659453411013549,-1.59803618246479,0,1,15,62,1,2,"Low","Medium",0,0,1,0,0,0,1,0,0,0,0,0,1,0
8.51579221050061,1.80879361823102,-1.51250861168473,-0.322739570245733,-0.66006310524061,-1.59803618246479,0,1,138,74,1,1,"Low","Medium",0,0,1,0,0,1,0,0,0,0,0,0,1,0
6.23244801655052,0.869292175502617,-1.51250861168473,-0.322739570245733,-0.499519744738177,-1.59803618246479,0,1,128,12,1,1,"Low","Small",0,1,0,0,0,1,0,0,0,0,0,0,1,0
3.43398720448515,-0.28215839306278,0.660268182408527,-0.322739570245733,-0.659454325783582,-1.59803618246479,0,1,11,74,1,1,"Low","Medium",0,0,1,0,0,0,1,0,0,0,0,0,1,0
4.61512051684126,0.20382898192577,0.660268182408527,-0.322739570245733,1.88141427231185,0.624930350684553,1,1,212,86,6,4,"Low","Large",1,0,0,0,0,0,0,0,1,0,0,0,1,0
8.06463647577422,1.62316174337234,-1.51250861168473,-0.185603726478135,0.132249102915073,0.624930350684553,1,1,141,42,4,5,"Low","Medium",1,0,0,0,0,0,0,0,0,1,0,0,0,1
0.78845736036427,-1.37068421055368,0.660268182408527,-0.322739570245733,-0.659453258551877,-1.59803618246479,0,1,13,62,1,2,"Low","Medium",0,0,1,0,0,0,1,0,0,0,0,0,1,0
2.86220088092947,-0.517424752526356,0.660268182408527,-0.322739570245733,-1.43202305231487,0.624930350684553,1,1,291,73,3,4,"Low","Medium",1,0,0,0,0,0,1,0,0,0,0,0,1,0
7.64108424917491,1.44888756735665,-1.51250861168473,-0.322739570245733,-0.659452496243516,0.624930350684553,1,1,138,46,1,1,"Low","Medium",0,0,0,1,0,1,0,0,0,0,0,0,1,0
4.61512051684126,0.20382898192577,0.660268182408527,-0.322739570245733,1.88139902614463,0.624930350684553,1,1,66,79,6,4,"Low","Large",1,0,0,0,0,0,0,0,1,0,0,0,1,0
7.65633716643018,1.45516351025002,-1.51250861168473,-0.322739570245733,-0.660062952778938,0.624930350684553,1,1,139,44,1,1,"Low","Medium",0,0,0,1,0,0,0,0,0,1,0,0,1,0
4.04830062372069,-0.0293938973777145,0.660268182408527,-0.322739570245733,-1.43659720740371,0.624930350684553,1,1,110,73,3,4,"Low","Medium",1,0,0,0,0,0,1,0,0,0,0,0,1,0
2.24070968927596,-0.773142603890395,0.660268182408527,-0.322739570245733,1.8804964530453,0.624930350684553,1,1,251,86,7,3,"Low","Large",1,0,0,0,0,0,1,0,0,0,0,0,1,0
6.30078579466324,0.897410337144593,-1.51250861168473,-0.185603726478135,0.131793090053573,0.624930350684553,1,1,150,14,4,5,"Low","Small",1,0,0,0,0,1,0,0,0,0,0,0,0,1
4.16976120150686,0.0205820932622751,0.660268182408527,-0.322739570245733,-0.501957606876389,0.624930350684553,1,1,191,29,5,3,"Low","Medium",1,0,0,0,0,0,1,0,0,0,0,0,1,0
2.3887627892351,-0.712224893200709,0.660268182408527,-0.322739570245733,1.88141168046342,0.624930350684553,1,1,241,85,6,4,"Low","Large",1,0,0,0,0,0,1,0,0,0,0,0,1,0
7.99260665240021,1.59352445821899,-1.51250861168473,-0.322739570245733,-0.501503728478299,-1.59803618246479,0,1,129,44,1,1,"Low","Medium",0,1,0,0,0,0,0,0,0,1,0,0,1,0
0.641853886172395,-1.43100546035789,0.660268182408527,-0.322739570245733,-0.659453258551877,0.624930350684553,1,1,13,31,1,2,"Low","Medium",0,0,0,1,0,0,1,0,0,0,0,0,1,0
3.64805745959368,-0.19407736084145,0.660268182408527,-0.322739570245733,0.136349864511789,0.624930350684553,1,1,302,51,4,3,"Low","Medium",1,0,0,0,0,0,1,0,0,0,0,0,1,0
1.09861228866811,-1.24306832006163,0.660268182408527,-0.322739570245733,1.87988727718793,0.624930350684553,1,1,233,85,7,4,"Low","Large",1,0,0,0,0,0,1,0,0,0,0,0,1,0
1.48160454092422,-1.08548289141632,0.660268182408527,-0.322739570245733,1.87988813097329,0.624930350684553,1,1,232,85,7,4,"Low","Large",1,0,0,0,0,0,1,0,0,0,0,0,1,0
4.29182836675573,0.0708076694872472,0.660268182408527,-0.322739570245733,-0.502417736203038,0.624930350684553,1,1,209,25,5,2,"Low","Small",1,0,0,0,0,0,1,0,0,0,0,0,1,0
0.832909122935104,-1.35239415372485,0.660268182408527,-0.322739570245733,1.88139612937286,0.624930350684553,1,1,93,79,6,4,"Low","Large",1,0,0,0,0,0,1,0,0,0,0,0,1,0
2.2512917986065,-0.768788504753922,0.660268182408527,-0.322739570245733,-0.660064020010643,-1.59803618246479,0,1,198,62,1,2,"Low","Medium",0,0,1,0,0,0,1,0,0,0,0,0,1,0
4.57367951889672,0.186777729880564,0.660268182408527,-0.322739570245733,-0.660063257702282,-1.59803618246479,0,1,196,62,3,4,"Low","Medium",0,0,1,0,0,0,1,0,0,0,0,0,1,0
4.58190155904874,0.190160758425037,0.660268182408527,-0.322739570245733,-0.65945280116686,-1.59803618246479,0,1,10,62,1,2,"Low","Medium",0,0,1,0,0,0,1,0,0,0,0,0,1,0
4.57471097850338,0.187202132732812,0.660268182408527,-0.322739570245733,-0.660063257702282,-1.59803618246479,0,1,196,45,1,2,"Low","Medium",0,1,0,0,0,0,1,0,0,0,0,0,1,0
10.8639846255634,2.7749774146121,-1.51250861168473,-0.322739570245733,1.88141457723519,0.624930350684553,1,1,163,84,6,4,"Low","Large",1,0,0,0,0,0,0,0,0,1,0,0,1,0
7.23489842031483,1.28175894380484,-1.51250861168473,-0.322739570245733,-0.657471104351821,0.624930350684553,1,1,160,30,1,2,"Low","Medium",1,0,0,0,0,1,0,0,0,0,0,0,1,0
4.48300255201388,0.149467918493222,0.660268182408527,3.35252846989465,-0.502723574317438,-1.59803618246479,0,1,40,19,5,5,"Low","Small",0,0,0,0,1,0,1,0,0,0,0,1,0,0
7.952615111651,1.57706959769889,-1.51250861168473,-0.322739570245733,0.136807401990011,0.624930350684553,1,1,186,55,4,3,"Low","Medium",1,0,0,0,0,1,0,0,0,0,0,0,1,0
4.40671924726425,0.118080502150885,0.660268182408527,-0.322739570245733,-0.499521574278244,0.624930350684553,1,1,278,16,1,1,"Low","Small",0,0,1,0,0,0,1,0,0,0,0,0,1,0
4.48413185761104,0.149932580912762,0.660268182408527,-0.322739570245733,-0.499520202123194,-1.59803618246479,0,1,279,12,1,1,"Low","Small",0,1,0,0,0,0,1,0,0,0,0,0,1,0
2.96527306606928,-0.47501482287116,0.660268182408527,-0.322739570245733,-1.14585157885671,0.624930350684553,1,1,118,53,3,4,"Low","Medium",1,0,0,0,0,0,1,0,0,0,0,0,1,0
0.0953101798043249,-1.65588552969104,0.660268182408527,-0.322739570245733,-0.657472019121854,0.624930350684553,1,1,261,30,1,2,"Low","Medium",1,0,0,0,0,0,1,0,0,0,0,0,1,0
7.14598446771439,1.24517453968034,-1.51250861168473,-0.322739570245733,0.136366635295729,0.624930350684553,1,1,155,42,4,3,"Low","Medium",1,0,0,0,0,0,0,0,0,1,0,0,1,0
2.19722457733622,-0.791034924072712,0.660268182408527,-0.322739570245733,0.135740017823055,0.624930350684553,1,1,267,70,4,3,"Low","Medium",1,0,0,0,0,0,1,0,0,0,0,0,1,0
4.33598269617247,0.0889753449080825,0.660268182408527,-0.322739570245733,-0.499521574278244,-1.59803618246479,0,1,278,7,3,4,"Low","Small",0,1,0,0,0,0,1,0,0,0,0,0,1,0
4.02713581252865,-0.0381023394525817,0.660268182408527,-0.322739570245733,-1.43659705494204,0.624930350684553,1,1,111,73,3,4,"Low","Medium",1,0,0,0,0,0,1,0,0,0,0,0,1,0
4.44734610079452,0.134796767533186,0.660268182408527,-0.322739570245733,-0.65945280116686,-1.59803618246479,0,1,10,74,1,1,"Low","Medium",0,0,1,0,0,0,1,0,0,0,0,0,1,0
4.30945594183905,0.0780606855968887,0.660268182408527,-0.322739570245733,-0.502417126356349,0.624930350684553,1,1,55,18,5,3,"Low","Small",1,0,0,0,0,0,1,0,0,0,0,0,1,0
4.61512051684126,0.20382898192577,0.660268182408527,-0.322739570245733,-0.657471256813493,0.624930350684553,1,1,263,30,1,2,"Low","Medium",1,0,0,0,0,0,0,0,1,0,0,0,1,0
0.641853886172395,-1.43100546035789,0.660268182408527,-0.322739570245733,-0.663157924724259,0.624930350684553,1,1,5,44,1,1,"Low","Medium",0,0,0,1,0,0,0,1,0,0,0,0,1,0
6.52209279817015,0.988468991215029,-1.51250861168473,-0.322739570245733,-0.500436344311344,0.624930350684553,1,1,132,17,1,2,"Low","Small",0,0,1,0,0,1,0,0,0,0,0,0,1,0
7.17625453201714,1.25762941580426,-1.51250861168473,-0.322739570245733,0.136824172773951,0.624930350684553,1,1,183,42,4,3,"Low","Medium",1,0,0,0,0,0,0,0,0,1,0,0,1,0
4.56434819146784,0.182938275625163,0.660268182408527,-0.322739570245733,-0.663157467339243,-1.59803618246479,0,1,3,68,1,1,"Low","Medium",0,0,1,0,0,0,1,0,0,0,0,0,1,0
2.73436750941958,-0.570022883496092,0.660268182408527,-0.322739570245733,1.87988813097329,0.624930350684553,1,1,232,86,7,3,"Low","Large",1,0,0,0,0,0,1,0,0,0,0,0,1,0
4.37071287477361,0.103265373099379,0.660268182408527,3.35252846989465,-0.502722964470749,0.624930350684553,1,1,205,18,5,5,"Low","Small",0,0,0,0,1,0,1,0,0,0,0,1,0,0
0.405465108108164,-1.52826963919899,0.660268182408527,-0.322739570245733,-0.499520354584866,-1.59803618246479,0,1,281,6,1,2,"Low","Small",0,1,0,0,0,0,1,0,0,0,0,0,1,0
6.66440902035041,1.04702621461406,-1.51250861168473,-0.322739570245733,0.136367092680745,0.624930350684553,1,1,141,42,4,3,"Low","Medium",1,0,0,0,0,0,0,0,0,1,0,0,1,0
1.75785791755237,-0.971816083499922,0.660268182408527,-0.322739570245733,1.88093828697129,0.624930350684553,1,1,68,79,7,4,"Low","Large",1,0,0,0,0,0,1,0,0,0,0,0,1,0
7.7596141506969,1.49765770625266,-1.51250861168473,-0.322739570245733,0.136807859375027,0.624930350684553,1,1,168,48,4,3,"Low","Medium",1,0,0,0,0,1,0,0,0,0,0,0,1,0
0.741937344729377,-1.38982526774538,0.660268182408527,-0.322739570245733,-0.499520354584866,0.624930350684553,1,1,281,9,1,2,"Low","Small",0,0,1,0,0,0,1,0,0,0,0,0,1,0
4.34898678059568,0.094325986352914,0.660268182408527,3.35252846989465,-0.502723269394094,0.624930350684553,1,1,44,25,5,5,"Low","Small",0,0,0,0,1,0,1,0,0,0,0,1,0,0
0,-1.69510171605056,0.660268182408527,-0.322739570245733,1.880939354203,0.624930350684553,1,1,103,79,7,4,"Low","Large",1,0,0,0,0,0,0,1,0,0,0,0,1,0
4.23555473077362,0.0476534020172593,0.660268182408527,-0.185603726478135,0.131776624192977,0.624930350684553,1,1,50,10,4,5,"Low","Small",1,0,0,0,0,0,1,0,0,0,0,0,0,1
0.641853886172395,-1.43100546035789,0.660268182408527,-0.322739570245733,-0.499519897199849,-1.59803618246479,0,1,277,12,1,1,"Low","Small",0,1,0,0,0,0,0,1,0,0,0,0,1,0
2.68102152871429,-0.591972542233123,0.660268182408527,-0.322739570245733,1.87988660635657,0.624930350684553,1,1,221,85,7,4,"Low","Large",1,0,0,0,0,0,1,0,0,0,0,0,1,0
2.11625551480255,-0.824350335419062,0.660268182408527,-0.322739570245733,1.88093950666467,0.624930350684553,1,1,77,79,7,4,"Low","Large",1,0,0,0,0,0,1,0,0,0,0,0,1,0
3.85862222870103,-0.107438690732806,0.660268182408527,-0.322739570245733,1.88141091815506,0.624930350684553,1,1,244,86,6,4,"Low","Large",1,0,0,0,0,0,1,0,0,0,0,0,1,0
2.02814824729229,-0.860602822083175,0.660268182408527,-0.322739570245733,1.8798875211266,0.624930350684553,1,1,225,85,7,4,"Low","Large",1,0,0,0,0,0,1,0,0,0,0,0,1,0
4.61512051684126,0.20382898192577,0.660268182408527,-0.322739570245733,1.88139902614463,0.624930350684553,1,1,66,83,6,4,"Low","Large",1,0,0,0,0,0,0,0,1,0,0,0,1,0
4.15418456257812,0.0141729523254057,0.660268182408527,-0.322739570245733,0.136350474358477,0.624930350684553,1,1,304,34,4,3,"Low","Medium",1,0,0,0,0,0,1,0,0,0,0,0,1,0
4.4236483093647,0.125046109136267,0.660268182408527,3.35252846989465,-0.502723421855766,-1.59803618246479,0,1,42,24,5,5,"Low","Small",0,0,0,0,1,0,1,0,0,0,0,1,0,0
2.77258872223978,-0.554296439501118,-1.51250861168473,-0.322739570245733,-0.970475679652575,-1.59803618246479,0,1,21,69,2,4,"Low","Medium",0,0,0,0,1,0,1,0,0,0,0,0,1,0
4.53796143629464,0.172081220162468,0.660268182408527,-0.322739570245733,-0.502418803434743,0.624930350684553,1,1,18,18,5,3,"Low","Small",1,0,0,0,0,0,1,0,0,0,0,0,1,0
3.29583686600433,-0.339001528083791,0.660268182408527,-0.322739570245733,1.88139628183453,0.624930350684553,1,1,97,79,6,4,"Low","Large",1,0,0,0,0,0,1,0,0,0,0,0,1,0
4.07073469658297,-0.0201632067633846,0.660268182408527,-0.185603726478135,0.130709240026022,0.624930350684553,1,1,35,10,4,5,"Low","Small",1,0,0,0,0,0,1,0,0,0,0,0,0,1
3.45631668088323,-0.272970739555719,0.660268182408527,-0.322739570245733,0.136366177910712,0.624930350684553,1,1,297,27,4,3,"Low","Medium",1,0,0,0,0,0,1,0,0,0,0,0,1,0
1.23982245721963,-1.18496619186143,0.660268182408527,-0.322739570245733,-0.502415144354611,0.624930350684553,1,1,264,25,5,2,"Low","Small",1,0,0,0,0,0,1,0,0,0,0,0,1,0
3.76120011569356,-0.147523850020958,-1.51250861168473,-0.322739570245733,-0.970475527190903,0.624930350684553,1,1,289,69,2,5,"Low","Medium",0,0,1,0,0,0,1,0,0,0,0,0,1,0
3.55820113047182,-0.231049513823004,0.660268182408527,-0.322739570245733,1.88141351000349,0.624930350684553,1,1,242,86,6,4,"Low","Large",1,0,0,0,0,0,1,0,0,0,0,0,1,0
7.81963630236759,1.52235433247296,-1.51250861168473,-0.185603726478135,0.130726468194978,0.624930350684553,1,1,144,49,4,5,"Low","Medium",1,0,0,0,0,1,0,0,0,0,0,0,0,1
4.58190155904874,0.190160758425037,0.660268182408527,-0.322739570245733,-0.65945280116686,-1.59803618246479,0,1,10,45,1,2,"Low","Medium",0,1,0,0,0,0,1,0,0,0,0,0,1,0
0.53062825106217,-1.47677019654235,0.660268182408527,-0.322739570245733,1.87988736866493,0.624930350684553,1,1,228,85,7,4,"Low","Large",1,0,0,0,0,0,1,0,0,0,0,0,1,0
4.13356527537538,0.00568897074859017,0.660268182408527,-0.322739570245733,0.136808164298372,0.624930350684553,1,1,303,4,4,3,"Low","Small",1,0,0,0,0,0,1,0,0,0,0,0,1,0
8.07184314960916,1.62612699078582,-1.51250861168473,-0.185603726478135,0.130725553424945,0.624930350684553,1,1,140,60,4,5,"Low","Medium",1,0,0,0,0,1,0,0,0,0,0,0,0,1
6.67076632084587,1.0496419801229,-1.51250861168473,-0.322739570245733,0.136824477697295,0.624930350684553,1,1,166,21,4,3,"Low","Small",1,0,0,0,0,1,0,0,0,0,0,0,1,0
8.00436556497957,1.59836276308888,-1.51250861168473,-0.322739570245733,0.135740780131416,0.624930350684553,1,1,189,42,4,3,"Low","Medium",1,0,0,0,0,0,0,0,0,1,0,0,1,0
2.29253475714054,-0.751818737713196,0.660268182408527,-0.322739570245733,-0.501957759338061,0.624930350684553,1,1,265,29,5,3,"Low","Medium",1,0,0,0,0,0,1,0,0,0,0,0,1,0
2.77258872223978,-0.554296439501118,-1.51250861168473,-0.322739570245733,-0.970475679652575,0.624930350684553,1,1,21,69,2,4,"Low","Medium",0,0,1,0,0,0,1,0,0,0,0,0,1,0
10.5242253175779,2.63518054961097,-1.51250861168473,-0.322739570245733,1.88095490529356,0.624930350684553,1,1,162,85,7,4,"Low","Large",1,0,0,0,0,1,0,0,0,0,0,0,1,0
4.48413185761104,0.149932580912762,0.660268182408527,-0.322739570245733,-0.501503576016627,0.624930350684553,1,1,27,3,1,2,"Low","Small",0,0,1,0,0,0,1,0,0,0,0,0,1,0
3.34638914516716,-0.318201361673257,0.660268182408527,-0.322739570245733,-0.344925743607683,0.624930350684553,1,1,24,33,3,4,"Low","Medium",1,0,0,0,0,0,1,0,0,0,0,0,1,0
1.7227665977411,-0.986254706322221,0.660268182408527,-0.322739570245733,0.136807249528339,0.624930350684553,1,1,300,55,4,3,"Low","Medium",1,0,0,0,0,0,1,0,0,0,0,0,1,0
4.0943445622221,-0.0104487261829441,-1.51250861168473,-0.322739570245733,-0.970475527190903,0.624930350684553,1,1,289,53,3,4,"Low","Medium",0,0,1,0,0,0,1,0,0,0,0,0,1,0
4.42723897749543,0.126523520162654,0.660268182408527,-0.322739570245733,-0.50241788866471,0.624930350684553,1,1,207,25,5,2,"Low","Small",1,0,0,0,0,0,1,0,0,0,0,0,1,0
4.16200321069592,0.01739000177696,0.660268182408527,-0.322739570245733,1.88048090195474,0.624930350684553,1,1,106,83,7,3,"Low","Large",1,0,0,0,0,0,1,0,0,0,0,0,1,0
4.49423862528081,0.154091096668833,0.660268182408527,-0.322739570245733,-0.501961265956521,0.624930350684553,1,1,41,29,5,3,"Low","Medium",1,0,0,0,0,0,1,0,0,0,0,0,1,0
4.61512051684126,0.20382898192577,0.660268182408527,-0.322739570245733,1.88048151180143,0.624930350684553,1,1,107,79,7,4,"Low","Large",1,0,0,0,0,0,0,0,1,0,0,0,1,0
4.16511363311031,0.0186698116074532,0.660268182408527,-0.322739570245733,-0.502415449277955,0.624930350684553,1,1,48,25,3,4,"Low","Small",1,0,0,0,0,0,1,0,0,0,0,0,1,0
8.3243363327069,1.7300174644288,-1.51250861168473,-0.322739570245733,-0.663157314877571,-1.59803618246479,0,1,178,68,1,1,"Low","Medium",0,0,1,0,0,1,0,0,0,0,0,0,1,0
0.587786664902119,-1.45325187967668,0.660268182408527,-0.322739570245733,1.88095429544687,0.624930350684553,1,1,217,85,7,4,"Low","Large",1,0,0,0,0,0,1,0,0,0,0,0,1,0
0.405465108108164,-1.52826963919899,0.660268182408527,-0.322739570245733,-0.499520507046538,-1.59803618246479,0,1,282,12,1,1,"Low","Small",0,1,0,0,0,0,1,0,0,0,0,0,1,0
4.35670882668959,0.0975032880778429,0.660268182408527,-0.322739570245733,-0.663158991955965,0.624930350684553,1,1,6,30,1,1,"Low","Medium",0,0,0,1,0,0,1,0,0,0,0,0,1,0
4.54435804659133,0.174713160024289,0.660268182408527,3.35252846989465,-0.502723574317438,-1.59803618246479,0,1,40,24,5,5,"Low","Small",0,0,0,0,1,0,1,0,0,0,0,1,0,0
3.54673968695281,-0.235765422510966,0.660268182408527,-0.322739570245733,-0.499521513293575,-1.59803618246479,0,1,288,6,1,2,"Low","Small",0,1,0,0,0,0,1,0,0,0,0,0,1,0
7.25488481007734,1.28998251433204,-1.51250861168473,-0.322739570245733,-0.66006310524061,0.624930350684553,1,1,138,31,1,2,"Low","Medium",0,0,0,1,0,1,0,0,0,0,0,0,1,0
3.44361809754611,-0.278195679973133,0.660268182408527,-0.322739570245733,-0.500436496773016,0.624930350684553,1,1,22,17,1,2,"Low","Small",0,0,1,0,0,0,1,0,0,0,0,0,1,0
0.8754687373539,-1.33488263739089,0.660268182408527,-0.322739570245733,1.8814112230784,0.624930350684553,1,1,240,85,6,4,"Low","Large",1,0,0,0,0,0,1,0,0,0,0,0,1,0
9.31325790598287,2.13691768004225,-1.51250861168473,-0.322739570245733,1.88139933106797,0.624930350684553,1,1,137,84,6,4,"Low","Large",1,0,0,0,0,0,0,0,0,1,0,0,1,0
4.12066187053947,0.0003797547786264,0.660268182408527,-0.322739570245733,-0.49952203166326,0.624930350684553,1,1,274,16,1,1,"Low","Small",0,0,1,0,0,0,1,0,0,0,0,0,1,0
4.34898678059568,0.094325986352914,0.660268182408527,-0.322739570245733,-0.502418346049727,0.624930350684553,1,1,44,25,5,2,"Low","Small",1,0,0,0,0,0,1,0,0,0,0,0,1,0
0.993251773010283,-1.28641980282512,0.660268182408527,-0.322739570245733,1.88141305261847,0.624930350684553,1,1,245,85,6,4,"Low","Large",1,0,0,0,0,0,1,0,0,0,0,0,1,0
4.38452351487247,0.10894787875589,0.660268182408527,-0.322739570245733,-0.499521269354899,-1.59803618246479,0,1,286,6,1,2,"Low","Small",0,1,0,0,0,0,1,0,0,0,0,0,1,0
6.4425401664682,0.955736382414807,-1.51250861168473,-0.322739570245733,-0.499519744738177,0.624930350684553,1,1,128,16,1,1,"Low","Small",0,0,1,0,0,1,0,0,0,0,0,0,1,0
2.2512917986065,-0.768788504753922,0.660268182408527,-0.322739570245733,-0.660064020010643,-1.59803618246479,0,1,198,74,1,1,"Low","Medium",0,0,1,0,0,0,1,0,0,0,0,0,1,0
3.8308129500026,-0.11888105563234,0.660268182408527,-0.322739570245733,1.87987120772768,0.624930350684553,1,1,88,79,7,3,"Low","Large",1,0,0,0,0,0,1,0,0,0,0,0,1,0
0.78845736036427,-1.37068421055368,0.660268182408527,-0.322739570245733,-0.660063562625626,0.624930350684553,1,1,195,46,1,1,"Low","Medium",0,0,0,1,0,0,0,1,0,0,0,0,1,0
4.55282370561588,0.178196427631636,0.660268182408527,-0.322739570245733,-0.663157467339243,-1.59803618246479,0,1,3,41,1,1,"Low","Medium",0,1,0,0,0,0,1,0,0,0,0,0,1,0
0.405465108108164,-1.52826963919899,0.660268182408527,-0.322739570245733,-0.500436649234688,0.624930350684553,1,1,23,17,1,2,"Low","Small",0,0,1,0,0,0,1,0,0,0,0,0,1,0
0.470003629245736,-1.50171471424245,0.660268182408527,-0.322739570245733,-0.663158077185932,-1.59803618246479,0,1,7,58,1,1,"Low","Medium",0,0,1,0,0,0,1,0,0,0,0,0,1,0
4.29728540621879,0.073053014916181,0.660268182408527,-0.322739570245733,-0.499521726739916,0.624930350684553,1,1,287,9,1,2,"Low","Small",0,0,1,0,0,0,1,0,0,0,0,0,1,0
1.7227665977411,-0.986254706322221,0.660268182408527,-0.322739570245733,1.88095353313851,0.624930350684553,1,1,214,85,7,4,"Low","Large",1,0,0,0,0,0,1,0,0,0,0,0,1,0
1.19392246847243,-1.20385213370212,0.660268182408527,-0.322739570245733,1.87987288480607,0.624930350684553,1,1,86,79,7,3,"Low","Large",1,0,0,0,0,0,1,0,0,0,0,0,1,0
1.94591014905531,-0.894440388992968,0.660268182408527,-0.322739570245733,1.88139841629794,0.624930350684553,1,1,89,83,6,4,"Low","Large",1,0,0,0,0,0,1,0,0,0,0,0,1,0
4.3907385752759,0.111505118365731,0.660268182408527,-0.322739570245733,-0.501960198724816,0.624930350684553,1,1,116,29,5,3,"Low","Medium",1,0,0,0,0,0,1,0,0,0,0,0,1,0
9.41311793733752,2.17800594162681,-1.51250861168473,-0.322739570245733,1.88139933106797,0.624930350684553,1,1,137,84,6,4,"Low","Large",1,0,0,0,0,0,0,0,0,1,0,0,1,0
4.55387689160054,0.178629769987409,-1.51250861168473,-0.322739570245733,-0.50150311863161,0.624930350684553,1,1,135,44,1,2,"Low","Medium",0,0,1,0,0,0,0,0,0,1,0,0,1,0
8.12468379446828,1.64786872477905,-1.51250861168473,-0.322739570245733,-0.501957324822295,0.624930350684553,1,1,131,24,5,3,"Low","Small",1,0,0,0,0,0,0,0,0,1,0,0,1,0
1.16315080980568,-1.21651339510509,0.660268182408527,-0.322739570245733,1.8814139673885,0.624930350684553,1,1,229,85,6,4,"Low","Large",1,0,0,0,0,0,1,0,0,0,0,0,1,0
1.48160454092422,-1.08548289141632,0.660268182408527,-0.322739570245733,-0.660063867548971,0.624930350684553,1,1,194,31,1,2,"Low","Medium",0,0,0,1,0,0,1,0,0,0,0,0,1,0
4.19418989719182,0.0306334884486883,0.660268182408527,-0.185603726478135,0.13072585834829,0.624930350684553,1,1,34,13,4,5,"Low","Small",1,0,0,0,0,0,1,0,0,0,0,0,0,1
2.57261223020711,-0.63657847270236,0.660268182408527,-0.322739570245733,-0.499520049661522,0.624930350684553,1,1,284,9,1,2,"Low","Small",0,0,1,0,0,0,1,0,0,0,0,0,1,0
2.4423470353692,-0.690177198120882,0.660268182408527,-0.322739570245733,-0.659453411013549,-1.59803618246479,0,1,15,74,1,1,"Low","Medium",0,0,1,0,0,0,1,0,0,0,0,0,1,0
5.96100533962327,0.75760477100753,-1.51250861168473,-0.185603726478135,0.130709392487694,0.624930350684553,1,1,170,10,4,5,"Low","Small",1,0,0,0,0,1,0,0,0,0,0,0,0,1
4.50976000118343,0.160477499162282,0.660268182408527,-0.322739570245733,-0.501960808571505,0.624930350684553,1,1,204,29,5,3,"Low","Medium",1,0,0,0,0,0,1,0,0,0,0,0,1,0
3.26956893918372,-0.349809690607354,0.660268182408527,-0.322739570245733,-0.659452648705188,0.624930350684553,1,1,38,31,1,2,"Low","Medium",0,0,0,1,0,0,1,0,0,0,0,0,1,0
8.14467918344776,1.65609599811082,-1.51250861168473,-0.322739570245733,-0.501503880939971,0.624930350684553,1,1,128,61,1,2,"Low","Medium",0,0,1,0,0,1,0,0,0,0,0,0,1,0
6.87935580446044,1.13546790216877,-1.51250861168473,3.35252846989465,-0.502719762775633,0.624930350684553,1,1,127,24,5,5,"Low","Small",0,0,0,0,1,0,0,0,0,1,0,1,0,0
0.470003629245736,-1.50171471424245,0.660268182408527,-0.322739570245733,1.88049660550698,0.624930350684553,1,1,249,85,7,4,"Low","Large",1,0,0,0,0,0,0,1,0,0,0,0,1,0
0.182321556793955,-1.62008395652825,0.660268182408527,-0.322739570245733,-0.659453563475221,-1.59803618246479,0,1,17,45,1,2,"Low","Medium",0,1,0,0,0,0,1,0,0,0,0,0,1,0
4.46935046284556,0.143850649969324,0.660268182408527,-0.322739570245733,-0.499520202123194,0.624930350684553,1,1,279,16,1,1,"Low","Small",0,0,1,0,0,0,1,0,0,0,0,0,1,0
7.24921505711439,1.28764964611939,-1.51250861168473,-0.322739570245733,-0.660062952778938,0.624930350684553,1,1,139,44,1,2,"Low","Medium",0,0,0,1,0,0,0,0,0,1,0,0,1,0
0.0953101798043249,-1.65588552969104,0.660268182408527,-0.322739570245733,-0.663158229647604,-1.59803618246479,0,1,8,68,1,1,"Low","Medium",0,0,1,0,0,0,1,0,0,0,0,0,1,0
0.0953101798043249,-1.65588552969104,0.660268182408527,-0.322739570245733,1.87988736866493,0.624930350684553,1,1,228,86,7,3,"Low","Large",1,0,0,0,0,0,1,0,0,0,0,0,1,0
4.61512051684126,0.20382898192577,0.660268182408527,-0.322739570245733,1.87988858835831,0.624930350684553,1,1,253,85,7,4,"Low","Large",1,0,0,0,0,0,0,0,1,0,0,0,1,0
0.641853886172395,-1.43100546035789,0.660268182408527,-0.322739570245733,-0.659453106090204,0.624930350684553,1,1,12,46,1,1,"Low","Medium",0,0,0,1,0,0,0,1,0,0,0,0,1,0
4.18813844150846,0.0281435653962711,0.660268182408527,3.35252846989465,-0.502721439854027,0.624930350684553,1,1,53,18,5,5,"Low","Small",0,0,0,0,1,0,1,0,0,0,0,1,0,0
4.56330598188939,0.182509449605342,0.660268182408527,3.35252846989465,-0.50272372677911,-1.59803618246479,0,1,18,24,5,5,"Low","Small",0,0,0,0,1,0,1,0,0,0,0,1,0,0
1.30833281965018,-1.15677701892995,0.660268182408527,-0.322739570245733,-0.663157772262587,0.624930350684553,1,1,123,44,1,1,"Low","Medium",0,0,0,1,0,0,1,0,0,0,0,0,1,0
4.35156742718917,0.0953878154035589,0.660268182408527,-0.322739570245733,-0.663158991955965,-1.59803618246479,0,1,6,58,1,1,"Low","Medium",0,0,1,0,0,0,1,0,0,0,0,0,1,0
4.3502779363593,0.0948572434038317,0.660268182408527,-0.322739570245733,-0.660064172472315,-1.59803618246479,0,1,199,59,1,1,"Low","Medium",0,1,0,0,0,0,1,0,0,0,0,0,1,0
2.04122032885964,-0.855224202633452,0.660268182408527,-0.322739570245733,1.88048120687809,0.624930350684553,1,1,105,83,7,3,"Low","Large",1,0,0,0,0,0,1,0,0,0,0,0,1,0
2.85647020622048,-0.519782687511,0.660268182408527,-0.322739570245733,-0.658584379482104,0.624930350684553,1,1,124,30,1,2,"Low","Medium",1,0,0,0,0,0,1,0,0,0,0,0,1,0
1.02961941718116,-1.27145602545958,0.660268182408527,-0.322739570245733,-0.499520811969883,0.624930350684553,1,1,276,9,1,2,"Low","Small",0,0,1,0,0,0,1,0,0,0,0,0,1,0
6.5191472879404,0.987257035909403,-1.51250861168473,3.35252846989465,-0.502719915237306,0.624930350684553,1,1,126,18,5,5,"Low","Small",0,0,0,0,1,1,0,0,0,0,0,1,0,0
5.50125821054473,0.568437893668591,-1.51250861168473,-0.322739570245733,0.136825087543984,0.624930350684553,1,1,183,42,4,3,"Low","Medium",1,0,0,0,0,0,0,0,0,1,0,0,1,0
0.955511445027436,-1.30194838265241,0.660268182408527,-0.322739570245733,1.88139841629794,0.624930350684553,1,1,89,79,6,4,"Low","Large",1,0,0,0,0,0,1,0,0,0,0,0,1,0
0.182321556793955,-1.62008395652825,0.660268182408527,-0.322739570245733,1.8798716651127,0.624930350684553,1,1,74,79,7,3,"Low","Large",1,0,0,0,0,0,1,0,0,0,0,0,1,0
4.43675153436313,0.13043754281632,0.660268182408527,-0.322739570245733,1.87988630143323,0.624930350684553,1,1,224,86,7,3,"Low","Large",1,0,0,0,0,0,1,0,0,0,0,0,1,0
4.61512051684126,0.20382898192577,0.660268182408527,-0.322739570245733,-0.663157619800915,-1.59803618246479,0,1,9,54,1,1,"Low","Medium",0,1,0,0,0,0,0,0,1,0,0,0,1,0
4.50092016461429,0.156840273012936,0.660268182408527,-0.322739570245733,-0.499521269354899,0.624930350684553,1,1,286,16,1,1,"Low","Small",0,0,1,0,0,0,1,0,0,0,0,0,1,0
3.09104245335832,-0.423265935812349,-1.51250861168473,0.774347179895051,-0.971085983726325,0.624930350684553,1,1,122,69,2,5,"Low","Medium",1,0,0,0,0,0,1,0,0,0,1,0,0,0
0.641853886172395,-1.43100546035789,0.660268182408527,-0.322739570245733,1.87987212249771,0.624930350684553,1,1,82,79,7,3,"Low","Large",1,0,0,0,0,0,1,0,0,0,0,0,1,0
4.53259949315326,0.169875002926141,-1.51250861168473,-0.185603726478135,0.132249407838418,0.624930350684553,1,1,148,2,4,5,"Low","Small",1,0,0,0,0,1,0,0,0,0,0,0,0,1
0.182321556793955,-1.62008395652825,0.660268182408527,-0.322739570245733,1.87988828343496,0.624930350684553,1,1,230,85,7,4,"Low","Large",1,0,0,0,0,0,1,0,0,0,0,0,1,0
0.8754687373539,-1.33488263739089,0.660268182408527,-0.322739570245733,1.87987303726775,0.624930350684553,1,1,84,83,7,3,"Low","Large",1,0,0,0,0,0,1,0,0,0,0,0,1,0
0.53062825106217,-1.47677019654235,0.660268182408527,-0.322739570245733,1.88093904927965,0.624930350684553,1,1,71,79,7,4,"Low","Large",1,0,0,0,0,0,1,0,0,0,0,0,1,0
3.10009228887823,-0.419542303803673,0.660268182408527,-0.185603726478135,0.138822945296275,0.624930350684553,1,1,61,71,3,5,"Low","Medium",1,0,0,0,0,0,1,0,0,0,0,0,0,1
4.32941668440158,0.0862737033649162,0.660268182408527,-0.322739570245733,-0.660064172472315,-1.59803618246479,0,1,199,74,1,1,"Low","Medium",0,0,1,0,0,0,1,0,0,0,0,0,1,0
4.61512051684126,0.20382898192577,0.660268182408527,-0.322739570245733,1.88049675796865,0.624930350684553,1,1,253,86,7,3,"Low","Large",1,0,0,0,0,0,0,0,1,0,0,0,1,0
4.5358201078533,0.17120015231237,0.660268182408527,-0.322739570245733,-0.502418193588055,0.624930350684553,1,1,203,18,5,3,"Low","Small",1,0,0,0,0,0,1,0,0,0,0,0,1,0
8.24117615049496,1.69580049820326,-1.51250861168473,-0.185603726478135,0.130252007471144,0.624930350684553,1,1,176,67,4,5,"Low","Medium",1,0,0,0,0,1,0,0,0,0,0,0,0,1
4.01638302075239,-0.0425266673370608,0.660268182408527,-0.322739570245733,0.135740475208072,0.624930350684553,1,1,269,57,4,3,"Low","Medium",1,0,0,0,0,0,1,0,0,0,0,0,1,0
4.0943445622221,-0.0104487261829441,-1.51250861168473,-0.322739570245733,-0.50150311863161,-1.59803618246479,0,1,135,44,1,2,"Low","Medium",0,1,0,0,0,0,0,0,0,1,0,0,1,0
2.89591193827178,-0.503554050468857,0.660268182408527,-0.322739570245733,-0.663159144417637,-1.59803618246479,0,1,4,41,1,1,"Low","Medium",0,1,0,0,0,0,1,0,0,0,0,0,1,0
8.1744211526465,1.66833358500019,-1.51250861168473,-0.322739570245733,-0.659452343781843,-1.59803618246479,0,1,139,44,1,2,"Low","Medium",0,0,1,0,0,0,0,0,0,1,0,0,1,0
0.0953101798043249,-1.65588552969104,0.660268182408527,-0.322739570245733,-0.663158229647604,-1.59803618246479,0,1,8,54,1,1,"Low","Medium",0,1,0,0,0,0,1,0,0,0,0,0,1,0
5.66296048013595,0.634971671614084,-1.51250861168473,-0.322739570245733,0.137280464640311,0.624930350684553,1,1,182,8,4,3,"Low","Small",1,0,0,0,0,1,0,0,0,0,0,0,1,0
0.53062825106217,-1.47677019654235,0.660268182408527,-0.322739570245733,-0.663158077185932,-1.59803618246479,0,1,7,68,1,1,"Low","Medium",0,0,1,0,0,0,1,0,0,0,0,0,1,0
4.61512051684126,0.20382898192577,0.660268182408527,-0.322739570245733,-0.659452953628532,-1.59803618246479,0,1,16,74,1,1,"Low","Medium",0,0,1,0,0,0,0,0,1,0,0,0,1,0
4.3425058765116,0.0916593630933489,0.660268182408527,-0.322739570245733,-0.501960656109833,0.624930350684553,1,1,206,29,5,3,"Low","Medium",1,0,0,0,0,0,1,0,0,0,0,0,1,0
6.41017488196617,0.942419410070234,-1.51250861168473,-0.322739570245733,-0.50150311863161,-1.59803618246479,0,1,135,44,1,1,"Low","Medium",0,1,0,0,0,0,0,0,0,1,0,0,1,0
0.741937344729377,-1.38982526774538,0.660268182408527,-0.322739570245733,1.88139658675787,0.624930350684553,1,1,90,79,6,4,"Low","Large",1,0,0,0,0,0,1,0,0,0,0,0,1,0
4.61512051684126,0.20382898192577,0.660268182408527,-0.322739570245733,-0.663157619800915,0.624930350684553,1,1,9,30,1,1,"Low","Medium",0,0,0,1,0,0,0,0,1,0,0,0,1,0
0.405465108108164,-1.52826963919899,0.660268182408527,-0.322739570245733,1.87987318972942,0.624930350684553,1,1,101,83,7,3,"Low","Large",1,0,0,0,0,0,0,1,0,0,0,0,1,0
4.24420031776648,0.0512107025217305,0.660268182408527,-0.185603726478135,0.130267558561706,0.624930350684553,1,1,59,50,4,5,"Low","Medium",1,0,0,0,0,0,1,0,0,0,0,0,0,1
7.65633716643018,1.45516351025002,-1.51250861168473,-0.322739570245733,-0.659452343781843,0.624930350684553,1,1,139,44,1,1,"Low","Medium",0,0,0,1,0,0,0,0,0,1,0,0,1,0
3.40452517175483,-0.294280797704701,0.660268182408527,-0.322739570245733,-0.659454325783582,-1.59803618246479,0,1,11,45,1,2,"Low","Medium",0,1,0,0,0,0,1,0,0,0,0,0,1,0
4.15261347034608,0.0135265130270411,0.660268182408527,3.35252846989465,-0.502720372622322,-1.59803618246479,0,1,48,24,5,5,"Low","Small",0,0,0,0,1,0,1,0,0,0,0,1,0,0
2.94968833505258,-0.481427293366636,0.660268182408527,-0.322739570245733,-1.14585157885671,0.624930350684553,1,1,118,53,3,4,"Low","Medium",1,0,0,0,0,0,1,0,0,0,0,0,1,0
3.90600493310258,-0.087942672890388,0.660268182408527,-0.322739570245733,0.136350016973461,0.624930350684553,1,1,301,66,4,3,"Low","Medium",1,0,0,0,0,0,1,0,0,0,0,0,1,0
0.336472236621213,-1.55665734459694,0.660268182408527,-0.322739570245733,-0.499520507046538,0.624930350684553,1,1,282,16,1,1,"Low","Small",0,0,1,0,0,0,1,0,0,0,0,0,1,0
1.3609765531356,-1.13511630580085,0.660268182408527,-0.185603726478135,0.132248797991729,0.624930350684553,1,1,190,60,4,5,"Low","Medium",1,0,0,0,0,0,1,0,0,0,0,0,0,1
5.97888576490112,0.764961824486216,-1.51250861168473,-0.185603726478135,0.131776929116322,0.624930350684553,1,1,181,42,4,5,"Low","Medium",1,0,0,0,0,0,0,0,0,1,0,0,0,1
2.67414864942653,-0.59480044703331,0.660268182408527,-0.322739570245733,-0.660063867548971,0.624930350684553,1,1,194,46,1,1,"Low","Medium",0,0,0,1,0,0,1,0,0,0,0,0,1,0
6.61338421837956,1.02603162466412,-1.51250861168473,-0.322739570245733,0.136366940219073,0.624930350684553,1,1,140,20,4,3,"Low","Small",1,0,0,0,0,1,0,0,0,0,0,0,1,0
7.65254569269392,1.45360347604461,-1.51250861168473,-0.322739570245733,-0.659452343781843,-1.59803618246479,0,1,139,44,1,2,"Low","Medium",0,1,0,0,0,0,0,0,0,1,0,0,1,0
4.61512051684126,0.20382898192577,0.660268182408527,-0.322739570245733,1.88141427231185,0.624930350684553,1,1,212,85,6,4,"Low","Large",1,0,0,0,0,0,0,0,1,0,0,0,1,0
3.01062088604774,-0.456356075579694,0.660268182408527,-0.322739570245733,1.87988660635657,0.624930350684553,1,1,221,86,7,3,"Low","Large",1,0,0,0,0,0,1,0,0,0,0,0,1,0
4.52396013056255,0.166320263505019,0.660268182408527,-0.322739570245733,-0.502418193588055,0.624930350684553,1,1,203,25,5,2,"Low","Small",1,0,0,0,0,0,1,0,0,0,0,0,1,0
4.20469261939097,0.0349549230728771,-1.51250861168473,-0.185603726478135,-0.97001859955937,0.624930350684553,1,1,46,69,2,5,"Low","Medium",1,0,0,0,0,0,1,0,0,0,0,0,0,1
7.61381868480863,1.43766891835629,-1.51250861168473,-0.322739570245733,-0.501503880939971,-1.59803618246479,0,1,128,43,1,2,"Low","Medium",0,1,0,0,0,1,0,0,0,0,0,0,1,0
4.52178857704904,0.165426759291197,0.660268182408527,-0.322739570245733,-0.502418041126383,0.624930350684553,1,1,205,25,5,2,"Low","Small",1,0,0,0,0,0,1,0,0,0,0,0,1,0
3.76120011569356,-0.147523850020958,-1.51250861168473,-0.322739570245733,-0.970475832114247,-1.59803618246479,0,1,108,53,3,4,"Low","Medium",0,0,0,0,1,0,1,0,0,0,0,0,1,0
4.06216566385787,-0.0236890083614749,0.660268182408527,-0.322739570245733,0.136350016973461,0.624930350684553,1,1,301,51,4,3,"Low","Medium",1,0,0,0,0,0,1,0,0,0,0,0,1,0
7.49554194388426,1.38900294454731,-1.51250861168473,-0.185603726478135,0.130268320870067,0.624930350684553,1,1,147,42,4,5,"Low","Medium",1,0,0,0,0,0,0,0,0,1,0,0,0,1
7.97728198675515,1.58721899383871,-1.51250861168473,-0.322739570245733,0.1357403227464,0.624930350684553,1,1,187,42,4,3,"Low","Medium",1,0,0,0,0,0,0,0,0,1,0,0,1,0
3.78418963391826,-0.13806461667499,-1.51250861168473,-0.322739570245733,-0.970475832114247,-1.59803618246479,0,1,108,69,2,5,"Low","Medium",0,0,0,0,1,0,1,0,0,0,0,0,1,0
7.11963563801764,1.23433308897839,-1.51250861168473,-0.322739570245733,0.136824020312279,0.624930350684553,1,1,182,28,4,3,"Low","Medium",1,0,0,0,0,1,0,0,0,0,0,0,1,0
2.94443897916644,-0.483587185616562,-1.51250861168473,-0.322739570245733,-0.97047598457592,-1.59803618246479,0,1,255,69,2,5,"Low","Medium",0,0,0,0,1,0,1,0,0,0,0,0,1,0
3.50855589998265,-0.251476467320745,0.660268182408527,-0.322739570245733,0.136824325235623,0.624930350684553,1,1,270,21,4,3,"Low","Small",1,0,0,0,0,0,1,0,0,0,0,0,1,0
2.37024374146786,-0.719844713349321,0.660268182408527,-0.322739570245733,-0.659453411013549,0.624930350684553,1,1,15,46,1,1,"Low","Medium",0,0,0,1,0,0,1,0,0,0,0,0,1,0
1.41098697371026,-1.11453909172781,0.660268182408527,-0.185603726478135,0.131776166807961,0.624930350684553,1,1,37,78,4,5,"Low","Medium",1,0,0,0,0,0,1,0,0,0,0,0,0,1
3.8607297110406,-0.10657154914995,0.660268182408527,-0.322739570245733,-0.499521879201588,-1.59803618246479,0,1,285,6,1,2,"Low","Small",0,1,0,0,0,0,1,0,0,0,0,0,1,0
4.27666611901606,0.0645690333393655,0.660268182408527,3.35252846989465,-0.502723421855766,-1.59803618246479,0,1,42,19,5,5,"Low","Small",0,0,0,0,1,0,1,0,0,0,0,1,0,0
0.405465108108164,-1.52826963919899,0.660268182408527,-0.322739570245733,-0.499520049661522,0.624930350684553,1,1,284,16,1,1,"Low","Small",0,0,1,0,0,0,1,0,0,0,0,0,1,0
6.2263192543502,0.866770444024465,-1.51250861168473,-0.322739570245733,-0.759667230448018,0.624930350684553,1,1,256,53,3,4,"Low","Medium",1,0,0,0,0,0,1,0,0,0,0,0,1,0
6.50876913697168,0.982986857180417,-1.51250861168473,3.35252846989465,-0.502719762775633,0.624930350684553,1,1,127,24,5,5,"Low","Small",0,0,0,0,1,0,0,0,0,1,0,1,0,0
8.1744211526465,1.66833358500019,-1.51250861168473,-0.322739570245733,-0.660062952778938,-1.59803618246479,0,1,139,44,1,2,"Low","Medium",0,0,1,0,0,0,0,0,0,1,0,0,1,0
4.23844490619586,0.0488425893443914,0.660268182408527,3.35252846989465,-0.502722659547405,-1.59803618246479,0,1,209,24,5,5,"Low","Small",0,0,0,0,1,0,1,0,0,0,0,1,0,0
6.74405918631135,1.07979895471699,-1.51250861168473,-0.322739570245733,0.135756788606995,0.624930350684553,1,1,184,23,4,3,"Low","Small",1,0,0,0,0,1,0,0,0,0,0,0,1,0
4.49869794147757,0.155925920350494,0.660268182408527,-0.185603726478135,1.59083558929588,0.624930350684553,1,1,294,81,3,5,"Low","Large",1,0,0,0,0,0,1,0,0,0,0,0,0,1
4.32148013480585,0.0830081423447088,0.660268182408527,3.35252846989465,-0.502722964470749,-1.59803618246479,0,1,205,19,5,5,"Low","Small",0,0,0,0,1,0,1,0,0,0,0,1,0,0
